<?xml version="1.0" encoding="UTF-8"?>
<beans xmlns="http://www.springframework.org/schema/beans"
    xmlns:util="http://www.springframework.org/schema/util"
    xmlns:xsi="http://www.w3.org/2001/XMLSchema-instance" xsi:schemaLocation="        http://www.springframework.org/schema/beans http://www.springframework.org/schema/beans/spring-beans.xsd   http://www.springframework.org/schema/util http://www.springframework.org/schema/util/spring-util.xsd     http://camel.apache.org/schema/spring       http://camel.apache.org/schema/spring/camel-spring.xsd">
    <util:map id="myMap">
        <entry key="http://www.w3.org/2003/05/soap-envelope" value="soap"/>
        <!-- we dont want any prefix for our namespace -->
        <entry key="http://www.mycompany.com/foo/2" value=""/>
    </util:map>
    <bean class="org.mycompany.MyProcessor" id="reqProcessor"/>
    <camelContext id="camel" streamCache="true"
        xmlns="http://camel.apache.org/schema/spring" xmlns:esb="https://localhost/tmleKYC_PAN/">
        <dataFormats>
            <jaxb contextPath="org.mycompany" id="xml"
                namespacePrefixRef="myMap" objectFactory="true" prettyPrint="true"/>
            <!-- <soapjaxb contextPath="org.mycompany" namespacePrefixRef="myMap" id="soapjaxb"/> -->
            <json id="json" library="Jackson" unmarshalTypeName="org.mycompany.Employee"/>
        </dataFormats>
        <!-- Route 1 for eKYC by PAN -->
        <route id="RT_1_TML_eKYC">
            <!-- <convertBodyTo type="java.lang.String" /> -->
            <!-- <marshal>
				<jaxb contextPath="org.mycompany"
					namespacePrefixRef="myMap" objectFactory="true"/>
			</marshal> -->
            <!-- <log message="Hello Worl___${body}" />

			<bean ref="reqProcessor" method="process" />

 -->
            <!-- <setHeader headerName="Content-Type"> <constant>application/json</constant> 
				</setHeader> -->
            <!-- 		<convertBodyTo type="java.lang.String" />

			<unmarshal ref="xml" />
 -->
            <from id="_from1" uri="restlet:http://localhost:8088/esb/test?restletMethod=POST"/>
            <log id="_log1" message="Request Received from CRM____${body}"/>
            <to id="_to2" pattern="InOut" uri="mock:ekYC"/>
            <unmarshal id="_unmarshal1" ref="json"/>
            <marshal id="_marshal1" ref="xml"/>
            <log id="_log4" message="Response from eKYC API_____ ${body}"/>
        </route>
    </camelContext>
</beans>
