<?xml version="1.0" encoding="UTF-8"?>
<beans xmlns="http://www.springframework.org/schema/beans"
    xmlns:cxf="http://camel.apache.org/schema/cxf"
    xmlns:util="http://www.springframework.org/schema/util"
    xmlns:xsi="http://www.w3.org/2001/XMLSchema-instance" xsi:schemaLocation="          http://www.springframework.org/schema/beans           http://www.springframework.org/schema/beans/spring-beans.xsd     http://www.springframework.org/schema/util http://www.springframework.org/schema/util/spring-util.xsd       http://camel.apache.org/schema/cxf           http://camel.apache.org/schema/cxf/camel-cxf.xsd                http://camel.apache.org/schema/spring                 http://camel.apache.org/schema/spring/camel-spring.xsd">
    <!-- <beans xmlns="http://www.springframework.org/schema/beans" xmlns:xsi="http://www.w3.org/2001/XMLSchema-instance" 
		xmlns:util="http://www.springframework.org/schema/util" xsi:schemaLocation=" 
		http://www.springframework.org/schema/beans http://www.springframework.org/schema/beans/spring-beans.xsd 
		http://www.springframework.org/schema/util http://www.springframework.org/schema/util/spring-util.xsd 
		http://camel.apache.org/schema/spring http://camel.apache.org/schema/spring/camel-spring.xsd"> -->
    <util:map id="myMap">
        <entry key="http://www.w3.org/2003/05/soap-envelope" value="soap"/>
        <!-- we dont want any prefix for our namespace -->
        <entry key="http://www.mycompany.com/foo/2" value=""/>
    </util:map>
    <bean class="org.mycompany.ResponseProcessor" id="resProcessor"/>
    <!-- setting up a Camel CXF web-service -->
    <cxf:cxfEndpoint address="http://localhost:8099/tmleKYC"
        id="tmleKYC" serviceClass="com.tml.crm.KYCService">
        <cxf:properties>
            <entry key="dataFormat" value="MESSAGE"/>
        </cxf:properties>
    </cxf:cxfEndpoint>
    <!-- EKYC CXF ENdpoints -->
    <cxf:rsClient address="https://testapi.karza.in/v2/tan"
        id="rsTANAPI" loggingFeatureEnabled="true"/>
    <cxf:rsClient address="https://testapi.karza.in/v2/rc" id="rsRCAPI" loggingFeatureEnabled="true"/>
    <cxf:rsClient
        address="https://testapi.karza.in/v3/passport-verification"
        id="rsPVAPI" loggingFeatureEnabled="true"/>
    <cxf:rsClient address="https://testapi.karza.in/v2/fssai"
        id="rsFSSAIAPI" loggingFeatureEnabled="true"/>
    <cxf:rsClient address="https://testapi.karza.in/v2/fda"
        id="rsFDAAPI" loggingFeatureEnabled="true"/>
    <cxf:rsClient
        address="https://testapi.karza.in/v2/pan-authentication"
        id="rsPAUTHAPI" loggingFeatureEnabled="true"/>
    <cxf:rsClient address="https://testapi.karza.in/v2/dl" id="rsDLAPI" loggingFeatureEnabled="true"/>
    <cxf:rsClient address="https://testapi.karza.in/v2/voter"
        id="rsVAPI" loggingFeatureEnabled="true"/>
    <cxf:rsClient address="https://gst.karza.in/uat/v1/gst-verification"
        id="rsGAUTHAPI" loggingFeatureEnabled="true"/>
    <cxf:rsClient address="https://testapi.karza.in/v2/elec" id="rsEAPI" loggingFeatureEnabled="true"/>
    <cxf:rsClient address="https://testapi.karza.in/v2/lpg"
        id="rsLPGAPI" loggingFeatureEnabled="true"/>
    <cxf:rsClient address="https://testapi.karza.in/v2/mobile/otp"
        id="rsOTPAPI" loggingFeatureEnabled="true"/>
    <cxf:rsClient address="https://testapi.karza.in/v2/mobile/details"
        id="rsOTPDetailsAPI" loggingFeatureEnabled="true"/>
    <cxf:rsClient address="https://testapi.karza.in/v2/mobile/status"
        id="rsOTPStatusAPI" loggingFeatureEnabled="true"/>
    <cxf:rsClient address="https://testapi.karza.in/v3/name"
        id="rsNameAPI" loggingFeatureEnabled="true"/>
    <!-- Camel Context Start -->
    <camelContext id="camel" streamCache="true"
        xmlns="http://camel.apache.org/schema/spring" xmlns:org="http://com.tml.crm/">
        <dataFormats>
            <jaxb contextPath="com.tml.crm" id="xml"
                namespacePrefixRef="myMap" objectFactory="true" prettyPrint="true"/>
            <json id="json" library="Jackson" unmarshalTypeName="com.tml.crm.KYCOutput"/>
            <json id="gson" library="Gson"/>
             <soapjaxb contextPath="com.tml.crm" id="soapxml" namespacePrefixRef="myMap" /> 
         
        </dataFormats>
        <!-- -->
        <route id="RT_1_TML_eKYC">
            <from id="_from1" uri="cxf:bean:tmleKYC"/>
            <log id="_log1" message="Request Recived from User____${body}"/>
            <setHeader headerName="pDOC_TYPE" id="_setHeader1">
                <xpath resultType="java.lang.String">//pDOC_TYPE/text()</xpath>
            </setHeader>
            <log id="_log5" message="Doctype_Type____${header.pDOC_TYPE}"/>
            <choice id="_choice3">
                <when id="_when1">
                    <simple>${header.pDOC_TYPE} == 'TAN'</simple>
                    <setHeader headerName="pDOCUMENT_NO" id="_setHeader3">
                        <xpath resultType="java.lang.String">//pDOCUMENT_NO/text()</xpath>
                    </setHeader>
                    <setHeader headerName="pCONSENT" id="_setHeader10">
                        <xpath resultType="java.lang.String">//pCONSENT/text()</xpath>
                    </setHeader>
                     <setHeader headerName="pDOC_TYPE" >
                        <xpath resultType="java.lang.String">//pDOC_TYPE/text()</xpath>
                    </setHeader>
                    <!-- <to uri="direct:commonCall" /> -->
                    <log id="_log7" message="Calling TAN EKYC API"/>
                    <to id="_to1" uri="direct:tanAPICall"/>
                </when>
                <otherwise id="_otherwise2">
                    <setBody id="_setBody2">
                        <simple>&lt;ns2:eKYCResponse xmlns:ns2="http://schemas.xmlsoap.org/soap/envelope/"&gt;
   &lt;request_id&gt;&lt;/request_id&gt;
   &lt;result&gt;Please Check Document Type&lt;/result&gt;
   &lt;statusCode&gt;&lt;/statusCode&gt;
&lt;/ns2:eKYCResponse&gt;</simple>
                    </setBody>
                </otherwise>
            </choice>
            <log id="_log2" message="Response send to CRM_______ ${body}"/>
        </route>
        <!-- -->
        <route id="RT_2_TAN_API">
            <from id="_from2" uri="direct:tanAPICall"/>
            <doTry id="_doTry1">
                <setHeader headerName="pDOCUMENT_NO" id="_setHeader2">
                    <xpath resultType="java.lang.String">//pDOCUMENT_NO//text()</xpath>
                </setHeader>
                <setHeader headerName="pFULL_NAME" id="_setHeader6">
                    <xpath resultType="java.lang.String">//pFULL_NAME//text()</xpath>
                </setHeader>
                <setBody id="_setBody1">
                    <simple>{"tan":"${header.pDOCUMENT_NO}", "consent":"${header.pCONSENT}"}</simple>
                </setBody>
                <setHeader headerName="Content-Type" id="_setHeader4">
                    <constant>application/json</constant>
                </setHeader>
                <setHeader headerName="x-karza-key" id="_setHeader5">
                    <constant>9qvf2X7URXTSfuvficjh</constant>
                </setHeader>
                <log id="_log3" message="Request Send to eKYC TAN API_____ ${body}"/>
                <to id="_to3" pattern="InOut" uri="cxfrs:bean:rsTANAPI?throwExceptionOnFailure=false"/>
                <log id="_log4" message="Response from eKYC API_____ ${body}"/>
                <log id="_log8" message="HTTPS Header Value_____${header.CamelHttpResponseCode}"/>
                <choice id="_choice1">
                    <when id="_when2">
                        <simple>${header.CamelHttpResponseCode} == '200'</simple>
                        <setHeader headerName="status-code" id="_setHeader7">
                            <jsonpath>$.status-code</jsonpath>
                        </setHeader>
                        <setHeader headerName="request_id" id="_setHeader8">
                            <jsonpath>$.request_id</jsonpath>
                        </setHeader>
                        <log id="_log6" message="Status Code ___${header.status-code}"/>
                        <choice id="_choice2">
                            <when id="_when3">
                                <simple>${header.status-code} == '101'</simple>
                                <setHeader headerName="statusApi1">
                                    <simple>validated</simple>
                                </setHeader>
                                
                                <setHeader headerName="responseBody" id="_setHeader11">
                                    <jsonpath>$.result</jsonpath>
                                </setHeader>
                                <setHeader headerName="result_name" id="_setHeader9">
                                    <jsonpath>$.result.name</jsonpath>
                                </setHeader>
                                
                                <setBody id="_setBody3">
                                    <simple>{"name1":"${header.pFULL_NAME}", "name2":"${header.result_name}", "type":"individual", "preset":"l"}</simple>
                                </setBody>
                                <to id="_to5" uri="direct:nameAPICall"/>
                                <setHeader headerName="requestId" id="_setHeader12">
                                    <jsonpath>$.requestId</jsonpath>
                                </setHeader>
                                <log id="_log9" message="body Merger________${body}"/>
                                <log id="_log10" message="Sending rc response to processor_____ ${header.rcResponseBody}"/>
                                <log id="_log11" message="Sending score to processor_____ ${header.resultScore}"/>
                                <removeHeaders
                                    excludePattern="responseBody|resultScore|statusCode|requestId|statusApi1|pDOC_TYPE|statusApi2"
                                    id="_removeHeaders1" pattern="*"/>
                                <bean id="_bean1" method="process" ref="resProcessor"/>
                                <log id="_log12" message="before unmarshal in name match_____ ${body}"/>
                                <unmarshal id="_unmarshal1" ref="json"/>
                                <log id="_log13" message="before marshal in name match_____ ${body}"/>
                              <!--   <marshal id="_marshal1" ref="xml"/> -->
                                 <marshal id="_marshal1" ref="soapxml"/>
                                <log id="_log14" message="after marshal in name match_____ ${body}"/>
                                <!-- <setBody id="_setBody4">
                                    <simple>&lt;soapenv:Envelope xmlns:soapenv="http://schemas.xmlsoap.org/soap/envelope/" xmlns:com="http://com.tml.crm/"&gt;
   &lt;soapenv:Header/&gt;
   &lt;soapenv:Body&gt;
   ${body}
   &lt;/soapenv:Body&gt;
&lt;/soapenv:Envelope&gt;</simple>
                                </setBody> -->
                            </when>
                            <otherwise id="_otherwise1">
                                <setHeader headerName="responseBody" id="_setHeader13">
                                    <simple>{"message":"No Result Found"}</simple>
                                </setHeader>
                                <removeHeaders
                                    excludePattern="responseBody|statusCode|requestId"
                                    id="_removeHeaders2" pattern="*"/>
                                <bean id="_bean2" method="process" ref="resProcessor"/>
                                <log id="_log15" message="before unmarshal in name match_____ ${body}"/>
                                <unmarshal id="_unmarshal2" ref="json"/>
                                <log id="_log16" message="before marshal in name match_____ ${body}"/>
                                <marshal id="_marshal2" ref="xml"/>
                                <log id="_log17" message="after marshal in name match_____ ${body}"/>
                            </otherwise>
                        </choice>
                    </when>
                    <otherwise id="_otherwise3">
                        <setHeader headerName="statusCode" id="_setHeader14">
                            <jsonpath>$.status</jsonpath>
                        </setHeader>
                        <setHeader headerName="requestId" id="_setHeader15">
                            <jsonpath>$.request_id</jsonpath>
                        </setHeader>
                        <log id="_log23" message="Sending Message to Exception route_${body}"/>
                        <to id="_to2" uri="direct:ExcetionRoute"/>
                        <log id="_log24" message="Response Message from Exception route_${body}"/>
                    </otherwise>
                </choice>
                <doCatch id="_doCatch1">
                    <exception>java.lang.Exception</exception>
                    <log id="_log25" message="Exception Occurred_${exception.stacktrace}"/>
                    <setHeader headerName="responseBody" id="_setHeader16">
                        <simple>{"message":"Exception Occured"}</simple>
                    </setHeader>
                    <setHeader headerName="requestId" id="_setHeader17">
                        <simple>1</simple>
                    </setHeader>
                    <setHeader headerName="statusCode" id="_setHeader18">
                        <simple>1</simple>
                    </setHeader>
                    <removeHeaders
                        excludePattern="responseBody|statusCode|requestId"
                        id="_removeHeaders3" pattern="*"/>
                    <bean id="_bean3" method="process" ref="resProcessor"/>
                    <log id="_log26" message="before unmarshal in name match_____ ${body}"/>
                    <unmarshal id="_unmarshal3" ref="json"/>
                    <log id="_log27" message="before marshal in name match_____ ${body}"/>
                    <marshal id="_marshal3" ref="xml"/>
                    <log id="_log28" message="after marshal in name match_____ ${body}"/>
                    <setBody id="_setBody5">
                        <simple>&lt;soapenv:Envelope xmlns:soapenv="http://schemas.xmlsoap.org/soap/envelope/" xmlns:com="http://com.tml.crm/"&gt;
   &lt;soapenv:Header/&gt;
   &lt;soapenv:Body&gt;${body}&lt;/soapenv:Body&gt;
&lt;/soapenv:Envelope&gt;</simple>
                    </setBody>
                </doCatch>
                <log id="_log29" message="Response send to User_____ ${body}"/>
            </doTry>
        </route>
        <route id="_route1">
            <from id="_from3" uri="direct:nameAPICall"/>
            <log id="_log18" message="Request recived for Name API__${body}"/>
            <to id="_to7" uri="cxfrs:bean:rsNameAPI?throwExceptionOnFailure=false"/>
            <log id="_log19" message="response recived from Name API__${body}"/>
            <setHeader headerName="statusCode" id="_setHeader53">
                <jsonpath>$.statusCode</jsonpath>
            </setHeader>
            <log id="_log20" message="response recived from Name API__${header.statusCode}"/>
            <choice id="_choice6">
                <when id="_when13">
                    <simple>${header.statusCode} == '101'</simple>
                    <setHeader headerName="resultScore" id="_setHeader54">
                        <jsonpath>$.result</jsonpath>
                    </setHeader>
                    <setHeader headerName="statusApi2">
                                    <simple>validated</simple>
                                </setHeader>
                </when>
                <otherwise id="_otherwise4">
                    <setHeader headerName="resultScore" id="_setHeader55">
                        <simple>Result code received is ${header.statusCode} </simple>
                    </setHeader>
                </otherwise>
            </choice>
            <log id="_log21" message="Response recived from Name API__${header.resultScore}"/>
            <log id="_log22" message="Response recived from Name API__${body}"/>
        </route>
        <route id="_route2">
            <from id="_from4" uri="direct:ExcetionRoute"/>
            <doTry id="_doTry2">
                <when id="_when4">
                    <simple>${header.CamelHttpResponseCode} == '401'</simple>
                    <setHeader headerName="responseBody" id="_setHeader19">
                        <simple>{"message":"Authentication Required"}</simple>
                    </setHeader>
                    <removeHeaders
                        excludePattern="responseBody|statusCode|requestId|statusApi2"
                        id="_removeHeaders4" pattern="*"/>
                    <bean id="_bean4" method="process" ref="resProcessor"/>
                    <log id="_log30" message="before unmarshal in name match_____ ${body}"/>
                    <unmarshal id="_unmarshal4" ref="json"/>
                    <log id="_log31" message="before marshal in name match_____ ${body}"/>
                    <marshal id="_marshal4" ref="xml"/>
                    <log id="_log32" message="after marshal in name match_____ ${body}"/>
                </when>
                <when id="_when5">
                    <simple>${header.CamelHttpResponseCode} == '403'</simple>
                    <setHeader headerName="responseBody" id="_setHeader20">
                        <simple>{"message":"403 Forbidden"}</simple>
                    </setHeader>
                    <removeHeaders
                        excludePattern="responseBody|statusCode|requestId"
                        id="_removeHeaders5" pattern="*"/>
                    <bean id="_bean5" method="process" ref="resProcessor"/>
                    <log id="_log33" message="before unmarshal in name match_____ ${body}"/>
                    <unmarshal id="_unmarshal5" ref="json"/>
                    <log id="_log34" message="before marshal in name match_____ ${body}"/>
                    <marshal id="_marshal5" ref="xml"/>
                    <log id="_log35" message="after marshal in name match_____ ${body}"/>
                </when>
                <when id="_when6">
                    <simple>${header.CamelHttpResponseCode} == '503'</simple>
                    <setHeader headerName="responseBody" id="_setHeader21">
                        <simple>{"message":"503 Service Unavailable"}</simple>
                    </setHeader>
                    <removeHeaders
                        excludePattern="responseBody|statusCode|requestId"
                        id="_removeHeaders6" pattern="*"/>
                    <bean id="_bean6" method="process" ref="resProcessor"/>
                    <log id="_log36" message="before unmarshal in name match_____ ${body}"/>
                    <unmarshal id="_unmarshal6" ref="json"/>
                    <log id="_log37" message="before marshal in name match_____ ${body}"/>
                    <marshal id="_marshal6" ref="xml"/>
                    <log id="_log38" message="after marshal in name match_____ ${body}"/>
                </when>
                <when id="_when7">
                    <simple>${header.CamelHttpResponseCode} == '504'</simple>
                    <setHeader headerName="responseBody" id="_setHeader22">
                        <simple>{"message":"Gateway TimeOut"}</simple>
                    </setHeader>
                    <removeHeaders
                        excludePattern="responseBody|statusCode|requestId"
                        id="_removeHeaders7" pattern="*"/>
                    <bean id="_bean7" method="process" ref="resProcessor"/>
                    <log id="_log39" message="before unmarshal in name match_____ ${body}"/>
                    <unmarshal id="_unmarshal7" ref="json"/>
                    <log id="_log40" message="before marshal in name match_____ ${body}"/>
                    <marshal id="_marshal7" ref="xml"/>
                    <log id="_log41" message="after marshal in name match_____ ${body}"/>
                </when>
                <doCatch id="_doCatch2">
                    <exception>java.lang.Exception</exception>
                    <log id="_log42" message="Exception Occurred_${exception.stacktrace}"/>
                    <setHeader headerName="responseBody" id="_setHeader23">
                        <simple>{"message":"Exception Occured"}</simple>
                    </setHeader>
                    <removeHeaders
                        excludePattern="responseBody|statusCode|requestId"
                        id="_removeHeaders8" pattern="*"/>
                    <bean id="_bean8" method="process" ref="resProcessor"/>
                    <log id="_log43" message="before unmarshal in name match_____ ${body}"/>
                    <unmarshal id="_unmarshal8" ref="json"/>
                    <log id="_log44" message="before marshal in name match_____ ${body}"/>
                    <marshal id="_marshal8" ref="xml"/>
                    <log id="_log45" message="after marshal in name match_____ ${body}"/>
                </doCatch>
                <log id="_log46" message="Response send from exception Route____${body}"/>
            </doTry>
        </route>
    </camelContext>
</beans>
