<?xml version="1.0" encoding="UTF-8"?>
<beans xmlns="http://www.springframework.org/schema/beans"
    xmlns:cxf="http://camel.apache.org/schema/cxf"
    xmlns:xsi="http://www.w3.org/2001/XMLSchema-instance" xsi:schemaLocation="          http://www.springframework.org/schema/beans           http://www.springframework.org/schema/beans/spring-beans.xsd            http://camel.apache.org/schema/cxf           http://camel.apache.org/schema/cxf/camel-cxf.xsd                http://camel.apache.org/schema/spring                 http://camel.apache.org/schema/spring/camel-spring.xsd">
    <!-- setting up a Camel CXF web-service -->
    <cxf:cxfEndpoint address="http://localhost:8098/tmleKYC_PAN"
        id="tmleKYC" serviceClass="org.mycompany.KYCService">
        <cxf:properties>
            <entry key="dataFormat" value="MESSAGE"/>
        </cxf:properties>
    </cxf:cxfEndpoint>
    <cxf:rsClient address="https://testapi.karza.in/v3/name"
        id="rsTESTAPI" loggingFeatureEnabled="true"/>
    <!-- Camel Context Start -->
    <camelContext id="camel" streamCache="true"
        xmlns="http://camel.apache.org/schema/spring" xmlns:esb="https://localhost/tmleKYC_PAN/">
        
       <!--  <dataFormats>
        	<jaxb contextPath="crm.tml.org" id="xml" prettyPrint="true" objectFactory="true"/>
        </dataFormats> -->
        
        <!-- Route 1 for eKYC by PAN -->
        <route id="RT_1_TML_eKYC">
            <from id="_from1" uri="cxf:bean:tmleKYC"/>
            <log id="_log1" message="Request Received from CRM____${body}"/>
            <setHeader headerName="consent" id="_setHeader1">
                <xpath>//pCONSENT/text()</xpath>
            </setHeader>
            <setHeader headerName="pan" id="_setHeader2">
                <xpath>//pFULL_NAME/text()</xpath>
            </setHeader>
            <setBody id="_setBody1">
                <simple>{"consent":"${header.pCONSENT}", "name1":"${header.pFULL_NAME}","name2":"${header.pFULL_NAME}","type":"individual","preset":"1"}</simple>
            </setBody>
            <setHeader headerName="Content-Type" id="_setHeader3">
                <constant>application/json</constant>
            </setHeader>
            <to id="_to1" uri="direct:eKYCAPICall"/>
            <log id="_log2" message="Response send to CRM_______ ${body}"/>
        </route>
        <route id="RT_2_TML_eKYC">
            <!-- <to id="_to2" uri="mock:eKYCAPICall" /> -->
            <from id="_from1" uri="direct:eKYCAPICall"/>
            <setHeader headerName="Content-Type" id="_setHeader4">
                <constant>application/json</constant>
            </setHeader>
            <setHeader headerName="x-karza-key" id="_setHeader5">
                <constant>9qvf2X7URXTSfuvficjh</constant>
            </setHeader>
            <setBody id="_setBody3">
                <simple>{"pradr": {
            "em": "",
            "adr": "Reliance Corporate Park, 5, 5, TTC Industrial Area, Thane Belapur Road, Ghansoli, Navi Mumbai, Maharashtra, pin: 400701",
            "addr": "NA",
            "mb": "",
            "ntr": "Factory / Manufacturing, Retail Business, Input Service Distributor (ISD), Bonded Warehouse, SEZ, Works Contract, Warehouse / Depot, Service Provision, Leasing Business, Office / Sale Office, Recipient of Goods or Services, Wholesale Business, EOU / STP / EHTP",
            "lastUpdatedDate": "NA"
        }}</simple>
            </setBody>
            <setHeader headerName="Content-Type" id="_setHeader6">
                <constant>application/json</constant>
            </setHeader>
            <log id="_log3" message="Request Send to eKYC API_____ ${body}"/>
            <to id="_to2" pattern="InOut" uri="mock:ekYC"/>
            
            <to uri="xj:?transformDirection=XML2JSON"/>
           
            <!-- <unmarshal ref="xml"/> -->
            
            <log id="_log3" message="Request header_____${header.pradr}"/>           
            <log id="_log4" message="Response from eKYC API_____ ${body}"/>
        </route>
    </camelContext>
</beans>
