<?xml version="1.0" encoding="UTF-8"?>
<beans xmlns="http://www.springframework.org/schema/beans"
	xmlns:cxf="http://camel.apache.org/schema/cxf"
	xmlns:util="http://www.springframework.org/schema/util"
	xmlns:xsi="http://www.w3.org/2001/XMLSchema-instance"
	xsi:schemaLocation="          http://www.springframework.org/schema/beans           http://www.springframework.org/schema/beans/spring-beans.xsd     http://www.springframework.org/schema/util http://www.springframework.org/schema/util/spring-util.xsd       http://camel.apache.org/schema/cxf           http://camel.apache.org/schema/cxf/camel-cxf.xsd                http://camel.apache.org/schema/spring                 http://camel.apache.org/schema/spring/camel-spring.xsd">
	<!-- <beans xmlns="http://www.springframework.org/schema/beans" xmlns:xsi="http://www.w3.org/2001/XMLSchema-instance" 
		xmlns:util="http://www.springframework.org/schema/util" xsi:schemaLocation=" 
		http://www.springframework.org/schema/beans http://www.springframework.org/schema/beans/spring-beans.xsd 
		http://www.springframework.org/schema/util http://www.springframework.org/schema/util/spring-util.xsd 
		http://camel.apache.org/schema/spring http://camel.apache.org/schema/spring/camel-spring.xsd"> -->
	<util:map id="myMap">
		<entry key="http://www.w3.org/2003/05/soap-envelope"
			value="soap" />
		<!-- we dont want any prefix for our namespace -->
		<entry key="http://www.mycompany.com/foo/2" value="" />
	</util:map>
	<!-- setting up a Camel CXF web-service -->
	<cxf:cxfEndpoint
		address="http://0.0.0.0:8098/tmleKYC_PAN" id="tmleKYC"
		serviceClass="crm.tml.org.KYCService" wsdlURL="esbEKYC.wsdl">
		<cxf:properties>
			<entry key="dataFormat" value="MESSAGE" />
		</cxf:properties>
	</cxf:cxfEndpoint>
	<cxf:rsClient address="https://testapi.karza.in/v3/tan"
		id="rsTESTAPI" loggingFeatureEnabled="true" />
	<!-- Camel Context Start -->
	<camelContext id="camel" streamCache="true"
		xmlns="http://camel.apache.org/schema/spring"
		xmlns:org="http://org.tml.crm/">

		<dataFormats>
			<jaxb contextPath="crm.tml.org" id="xml"
				namespacePrefixRef="myMap" objectFactory="true" prettyPrint="true" />
			<json id="json" library="Jackson"
				unmarshalTypeName="crm.tml.org.KYCResponse" />
		</dataFormats>

		<route id="RT_1_TML_eKYC">

			<from id="_from1" uri="cxf:bean:tmleKYC" />

			<log id="_log1" message="Request Recived from User____${body}" />

			<setHeader headerName="pDOC_TYPE" >
				<xpath resultType="java.lang.String">//pDOC_TYPE/text()</xpath>
			</setHeader>
			
			<log message="Doctype_No____${header.pDOC_TYPE}" />
			
			<when>
				<simple>${header.pDOC_TYPE} == 'TAN'</simple>
				<log message="Calling TAN EKYC API" />

				<to uri="direct:tanAPICall" />

			</when>
			<log id="_log2" message="Response send to CRM_______ ${body}" />
		</route>

		<route id="RT_2_TAN_API">
			
			<from id="_from2" uri="direct:tanAPICall"/>
			<doTry>								
		
			<setHeader headerName="pDOCUMENT_NO">
				<xpath resultType="java.lang.String">//pDOCUMENT_NO//text()</xpath>
			</setHeader>
			<setHeader headerName="pCONSENT">
				<xpath resultType="java.lang.String">//pCONSENT//text()</xpath>
			</setHeader>

			<setBody>
				<simple>{"tan":"${header.pDOCUMENT_NO}", "consent":"${header.pCONSENT}"}</simple>
			</setBody>


			<setHeader headerName="Content-Type" id="_setHeader4">
				<constant>application/json</constant>
			</setHeader>

			<setHeader headerName="x-karza-key" id="_setHeader5">
				<constant>9qvf2X7URXTSfuvficjh</constant>
			</setHeader>

			<log id="_log3"
				message="Request Send to eKYC TAN API_____ ${body}" />

			<to id="rsTESTAPI" pattern="InOut"
				uri="cxfrs:bean:rsTESTAPI?throwsExceptionOnFailure=false" />

			<!-- <to id="_to2" uri="mock:ekYC"/> -->
			<log id="_log4" message="Response from eKYC API_____ ${body}" />


			<unmarshal id="_unmarshal1" ref="json" />
			
			<log id="_log5"
				message="Response after UNmarshalling_____ ${body}" />

			<marshal id="_marshal1" ref="xml" />
			<log id="_log5" message="Response after marshalling_____ ${body}" />
			
			<doCatch>
					<exception>java.lang.Exception</exception>
					<log
						message="Exception Occurred_${exception.stacktrace}"></log>						
				</doCatch>
			</doTry>
		</route>
	</camelContext>
</beans>
