<?xml version="1.0" encoding="UTF-8"?>
<beans xmlns="http://www.springframework.org/schema/beans"
    xmlns:cxf="http://camel.apache.org/schema/cxf"
    xmlns:xsi="http://www.w3.org/2001/XMLSchema-instance" xsi:schemaLocation="          http://www.springframework.org/schema/beans           http://www.springframework.org/schema/beans/spring-beans.xsd          http://camel.apache.org/schema/cxf           http://camel.apache.org/schema/cxf/camel-cxf.xsd          http://camel.apache.org/schema/spring                 http://camel.apache.org/schema/spring/camel-spring.xsd">
    <!-- setting up a Camel CXF web-service -->
    <cxf:cxfEndpoint address="http://0.0.0.0:8043/esbgetPlant"
        id="esbgetPlant" wsdlURL="esbPlant.wsdl">
        <cxf:properties>
            <entry key="dataFormat" value="MESSAGE"/>
        </cxf:properties>
    </cxf:cxfEndpoint>
    <cxf:cxfEndpoint
        address="http://TDRECCAPPDEV.tmindia.tatamotors.com:8000/sap/bc/srt/rfc/sap/zsdcrm_vor_sales_order/250/zsdcrm_vor_sales_order/zsdcrm_vor_sales_order"
        id="sap" wsdlURL="getPlantSAP.wsdl">
        <cxf:properties>
            <entry key="dataFormat" value="MESSAGE"/>
        </cxf:properties>
    </cxf:cxfEndpoint>
    <!-- <cxf:cxfEndpoint
		address="http://TDRECCAPPDEV.tmindia.tatamotors.com:8000/sap/bc/srt/rfc/sap/zsdcrm_vor_sales_order/250/zsdcrm_vor_sales_order/zsdcrm_vor_sales_order"
		id="getPlantDetails" serviceClass="com.sap.document.sap.soap.functions.mc_style.ZsdcrmVorSalesOrder" wsdlURL="getPlant.wsdl">
		<cxf:properties>
			<entry key="dataFormat" value="MESSAGE" />
		</cxf:properties>
	</cxf:cxfEndpoint> -->
    <camelContext id="camelContext-c7a3fa52-a1ec-40ba-8bfb-3c541d6e1a50"
        streamCache="true" xmlns="http://camel.apache.org/schema/spring" xmlns:urn="urn:sap-com:document:sap:soap:functions:mc-style">
        <route id=" _route1 ">
            <from id="_from1" uri="cxf:bean:esbgetPlant?loggingFeatureEnabled=true"/>
            <doTry id="_doTry1">
                <log id="_log1" message="Request Recieved from CRM :--------- ${body}"/>
                <setHeader headerName="matnr" id="_setHeader1">
                    <xpath resultType="java.lang.String">//urn:ZsdcrmVorSalesOrder/Matnr/text()</xpath>
                </setHeader>
                <log id="_log2" message="Hello Check ________${header.matnr}"/>
                <setHeader headerName="pLabst" id="_setHeader2">
                    <xpath resultType="java.lang.String">//urn:ZsdcrmVorSalesOrder/PLabst/text()</xpath>
                </setHeader>
                <setHeader headerName="werks" id="_setHeader3">
                    <xpath resultType="java.lang.String">//urn:ZsdcrmVorSalesOrder/Werks/text()</xpath>
                </setHeader>
                <choice id="_choice1 ">
                    <!-- Validating Matnr -->
                    <when id="_when1">
                        <simple>${header.matnr} == ''</simple>
                        <setFaultBody id="_setFaultBody1">
                            <simple>{"error":"Matnr parameter is missing or null"}</simple>
                        </setFaultBody>
                        <!-- <setBody> <simple>{"error":"Header parameter is missing or null"}</simple> 
							</setBody> -->
                    </when>
                    <when id="_when2">
                        <simple>${header.matnr} not regex '^\d{1,18}?$'</simple>
                        <setFaultBody id="_setFaultBody2">
                            <simple>{"error":"Matnr Parameter size exceeded beyond limit"}</simple>
                        </setFaultBody>
                        <!-- <setBody> <simple>{"error":"Header parameter is missing or null"}</simple> 
							</setBody> -->
                    </when>
                    <!-- Validating pLabst where it should be decimal value where before. 
						13 & 3 fraction values is allowed -->
                    <when id="_when3">
                        <simple>${header.pLabst} not regex '(?!^0*$)(?!^0*\.0*$)^\d{1,13}(\.\d{1,3})?$'</simple>
                        <setFaultBody id="_setFaultBody3">
                            <simple>{"error":"pLabst Parameter is null or please insert correct values"}</simple>
                        </setFaultBody>
                        <!-- <setBody> <simple>{"error":"Header parameter is missing or null"}</simple> 
							</setBody> -->
                    </when>
                    <otherwise id="_otherwise1">
                        <log id="_log21" message="Request Send to SAP Route :: *********** ${body}"/>
                        <to id="_to3" uri="direct:sapAPIRoute"/>
                        <log id="_log22" message="RESPONSE send to user_${body}"/>
                    </otherwise>
                </choice>
                <doCatch id="_doCatch1">
                    <exception>java.lang.Exception</exception>
                    <log id="_log3" message="Exception occuurred during get plant details_${exception}"/>
                </doCatch>
            </doTry>
        </route>
        <route id="_route2">
            <from id="_from2" uri="direct:sapAPIRoute"/>
            <doTry id="_doTry2">
                <!-- <to id="_to1" uri="mock:sapEndpoint" /> -->
                <!-- <log id="_log5" message="Response Recieved from SAP_${body}" /> -->
                <log id="_log4" message="Request send to SAP_${body}"/>
                <setHeader headerName="Authorization" id="_setHeader4">
                    <simple>BASIC U0lFQkVMOklOVEVSTkVU</simple>
                </setHeader>
                <to id="_to1" uri="http4://TDRECCAPPDEV.tmindia.tatamotors.com:8000/sap/bc/srt/rfc/sap/zsdcrm_vor_sales_order/250/zsdcrm_vor_sales_order/zsdcrm_vor_sales_order?bridgeEndpoint=true&amp;throwExceptionOnFailure=false"/>
                <log id="_log5" message="Http Headers Is____________${header.CamelHttpResponseCode}"/>
                <doCatch id="_doCatch3">
                    <exception>java.lang.Exception</exception>
                    <log id="_log333" message="Exception occuurred during get plant details_${header.CamelHttpResponseCode}"/>
                </doCatch>
                <doCatch id="_doCatch2">
                    <exception>java.lang.Exception</exception>
                    <log id="_log333" message="Exception occuurred during get plant details_${header.CamelHttpResponseCode}"/>
                </doCatch>
            </doTry>
        </route>
    </camelContext>
</beans>
