<?xml version="1.0" encoding="UTF-8"?>
<beans xmlns="http://www.springframework.org/schema/beans"
	xmlns:cxf="http://camel.apache.org/schema/cxf" xmlns:util="http://www.springframework.org/schema/util"
	xmlns:xsi="http://www.w3.org/2001/XMLSchema-instance"
	xsi:schemaLocation="          http://www.springframework.org/schema/beans           http://www.springframework.org/schema/beans/spring-beans.xsd     http://www.springframework.org/schema/util http://www.springframework.org/schema/util/spring-util.xsd       http://camel.apache.org/schema/cxf           http://camel.apache.org/schema/cxf/camel-cxf.xsd                http://camel.apache.org/schema/spring                 http://camel.apache.org/schema/spring/camel-spring.xsd">
	<!-- <beans xmlns="http://www.springframework.org/schema/beans" xmlns:xsi="http://www.w3.org/2001/XMLSchema-instance" 
		xmlns:util="http://www.springframework.org/schema/util" xsi:schemaLocation=" 
		http://www.springframework.org/schema/beans http://www.springframework.org/schema/beans/spring-beans.xsd 
		http://www.springframework.org/schema/util http://www.springframework.org/schema/util/spring-util.xsd 
		http://camel.apache.org/schema/spring http://camel.apache.org/schema/spring/camel-spring.xsd"> -->
	<util:map id="myMap">
		<entry key="http://www.w3.org/2003/05/soap-envelope" value="soap" />
		<!-- we dont want any prefix for our namespace -->
		<entry key="http://www.mycompany.com/foo/2" value="" />
	</util:map>
	<bean class="org.mycompany.ResponseProcessor" id="resProcessor" />
	<!-- setting up a Camel CXF web-service -->
	<cxf:cxfEndpoint address="http://localhost:8099/tmleKYC"
		id="tmleKYC" serviceClass="com.tml.crm.KYCService">
		<cxf:properties>
			<entry key="dataFormat" value="MESSAGE" />
		</cxf:properties>
	</cxf:cxfEndpoint>
	<!-- EKYC CXF ENdpoints -->
	<cxf:rsClient address="https://testapi.karza.in/v2/tan"
		id="rsTANAPI" loggingFeatureEnabled="true" />
	<cxf:rsClient address="https://testapi.karza.in/v2/rc" id="rsRCAPI"
		loggingFeatureEnabled="true" />
	<cxf:rsClient address="https://testapi.karza.in/v3/passport-verification"
		id="rsPVAPI" loggingFeatureEnabled="true" />
	<cxf:rsClient address="https://testapi.karza.in/v2/fssai"
		id="rsFSSAIAPI" loggingFeatureEnabled="true" />
	<cxf:rsClient address="https://testapi.karza.in/v2/fda"
		id="rsFDAAPI" loggingFeatureEnabled="true" />
	<cxf:rsClient address="https://testapi.karza.in/v2/pan"
		id="rsPANAPI" loggingFeatureEnabled="true" />
	<cxf:rsClient address="https://testapi.karza.in/v2/dl" id="rsDLAPI"
		loggingFeatureEnabled="true" />
	<cxf:rsClient address="https://testapi.karza.in/v2/voter"
		id="rsVAPI" loggingFeatureEnabled="true" />
	<cxf:rsClient address="https://gst.karza.in/uat/v1/gst-verification"
		id="rsGSTNAPI" loggingFeatureEnabled="true" />
	<cxf:rsClient address="https://testapi.karza.in/v2/elec"
		id="rsEAPI" loggingFeatureEnabled="true" />
	<cxf:rsClient address="https://testapi.karza.in/v2/lpg"
		id="rsLPGAPI" loggingFeatureEnabled="true" />
	<cxf:rsClient address="https://testapi.karza.in/v2/mobile/otp"
		id="rsOTPAPI" loggingFeatureEnabled="true" />
	<cxf:rsClient address="https://testapi.karza.in/v2/mobile/details"
		id="rsOTPDetailsAPI" loggingFeatureEnabled="true" />
	<cxf:rsClient address="https://testapi.karza.in/v2/mobile/status"
		id="rsOTPStatusAPI" loggingFeatureEnabled="true" />
	<cxf:rsClient address="https://testapi.karza.in/v3/name"
		id="rsNameAPI" loggingFeatureEnabled="true" />
	<!-- Camel Context Start -->
	<camelContext id="camel" streamCache="true"
		xmlns="http://camel.apache.org/schema/spring" xmlns:org="http://com.tml.crm/">
		<!-- <properties> <property key="CamelCachedOutputStreamOutputDirectory" 
			value="/tmp/cachedir" /> <property key="CamelCachedOutputStreamThreshold" 
			value="1048576" /> <property key="CamelCachedOutputStreamBufferSize" value="1048576" 
			/> </properties> -->
		<properties>
			<property key="CamelMaximumEndpointCacheSize" value="500" />
		</properties>
		<dataFormats>
			<jaxb contextPath="com.tml.crm" id="xml" namespacePrefixRef="myMap"
				objectFactory="true" prettyPrint="true" />
			<json id="json" library="Jackson" unmarshalTypeName="com.tml.crm.KYCInputResponse" />
			<json id="gson" library="Gson" />
			<soapjaxb contextPath="com.tml.crm" id="soapxml"
				namespacePrefixRef="myMap" />
		</dataFormats>
		<!-- -->
		<route id="RT_1_TML_eKYC">
			<from id="_from1" uri="cxf:bean:tmleKYC" />
			<log id="_log1" message="Request Recived from User____${body}" />
			<setHeader headerName="pDOC_TYPE" id="_setHeader1">
				<xpath resultType="java.lang.String">//pDOC_TYPE/text()</xpath>
			</setHeader>
			<setHeader headerName="pROW_ID" id="_setHeader10">
				<xpath resultType="java.lang.String">//pROW_ID/text()</xpath>
			</setHeader>
			<setHeader headerName="pFlag" id="_setHeader20">
				<xpath resultType="java.lang.String">//pFlag/text()</xpath>
			</setHeader>
			<setHeader headerName="pCONSENT" id="_setHeader21">
				<xpath resultType="java.lang.String">//pCONSENT/text()</xpath>
			</setHeader>
			<setHeader headerName="pFULL_NAME" id="_setHeader24">
				<xpath resultType="java.lang.String">//pFULL_NAME/text()</xpath>
			</setHeader>
			<setHeader headerName="pState" id="_setHeader46">
				<xpath resultType="java.lang.String">//pState/text()</xpath>
			</setHeader>
			<setHeader headerName="pDOB" id="_setHeader80">
				<xpath resultType="java.lang.String">//pDOB/text()</xpath>
			</setHeader>
			<setHeader headerName="pSERVICE_PROVIDER" id="_setHeader107">
				<xpath resultType="java.lang.String">//pSERVICE_PROVIDER/text()</xpath>
			</setHeader>
			<setHeader headerName="pDOI" id="_setHeader213">
				<xpath resultType="java.lang.String">//pDOI/text()</xpath>
			</setHeader>
			<setHeader headerName="pFileNo" id="_setHeader214">
				<xpath resultType="java.lang.String">//pFileNo/text()</xpath>
			</setHeader>
			<log id="_log60" message="check consent" />
			<choice id="_choice5">
				<when id="_when1">
					<simple>${header.pCONSENT} == 'Y'</simple>
					<log id="_log61" message="correct Consent" />
					<log id="_log5" message="Doctype_Type____${header.pDOC_TYPE}" />
					<choice id="_choice3">
						<when id="_when10">
							<simple>${header.pDOC_TYPE} == 'TAN'</simple>
							<setHeader headerName="pDOCUMENT_NO" id="_setHeader3">
								<xpath resultType="java.lang.String">//pDOCUMENT_NO/text()</xpath>
							</setHeader>
							<log id="_log7" message="Calling TAN EKYC API" />
							<to id="_to1" uri="direct:tanAPICall" />
						</when>
						<when id="_when12">
							<simple>${header.pDOC_TYPE} == 'FDA'</simple>
							<setHeader headerName="pDOCUMENT_NO" id="_setHeader84">
								<xpath resultType="java.lang.String">//pDOCUMENT_NO/text()</xpath>
							</setHeader>
							<log id="_log63" message="Calling FDA EKYC API" />
							<to id="_to8" uri="direct:fDAAPICall" />
						</when>
						<when id="_when14">
							<simple>${header.pDOC_TYPE} == 'FSSAI'</simple>
							<setHeader headerName="pDOCUMENT_NO" id="_setHeader85">
								<xpath resultType="java.lang.String">//pDOCUMENT_NO/text()</xpath>
							</setHeader>
							<log id="_log64" message="Calling FSSAI EKYC API" />
							<to id="_to9" uri="direct:fSSAIAPICall" />
						</when>
						<when id="_when11">
							<simple>${header.pDOC_TYPE} == 'VEHICLE RC'</simple>
							<setHeader headerName="pDOCUMENT_NO" id="_setHeader86">
								<xpath resultType="java.lang.String">//pDOCUMENT_NO/text()</xpath>
							</setHeader>
							<log id="_log62" message="Calling TAN EKYC API" />
							<to id="_to6" uri="direct:rCAPICall" />
						</when>
						<when id="_when11">
							<simple>${header.pDOC_TYPE} == 'DRIVING LICENSE'</simple>
							<setHeader headerName="pDOCUMENT_NO" id="_setHeader87">
								<xpath resultType="java.lang.String">//pDOCUMENT_NO/text()</xpath>
							</setHeader>
							<log id="_log117" message="Calling DL EKYC API" />
							<to id="_to16" uri="direct:dLAPICall" />
						</when>
						<when id="_when11">
							<simple>${header.pDOC_TYPE} == 'ELECTRICITY'</simple>
							<setHeader headerName="pDOCUMENT_NO" id="_setHeader88">
								<xpath resultType="java.lang.String">//pDOCUMENT_NO/text()</xpath>
							</setHeader>
							<log id="_log118" message="Calling ELECTICITY EKYC API" />
							<to id="_to17" uri="direct:elecAPICall" />
						</when>
						<when id="_when11">
							<simple>${header.pDOC_TYPE} == 'LPG'</simple>
							<setHeader headerName="pDOCUMENT_NO" id="_setHeader88">
								<xpath resultType="java.lang.String">//pDOCUMENT_NO/text()</xpath>
							</setHeader>
							<log id="_log118" message="Calling LPG EKYC API" />
							<to id="_to17" uri="direct:lpgAPICall" />
						</when>
						<when id="_when23">
							<simple>${header.pDOC_TYPE} == 'PAN'</simple>
							<setHeader headerName="pDOCUMENT_NO" id="_setHeader108">
								<xpath resultType="java.lang.String">//pDOCUMENT_NO/text()</xpath>
							</setHeader>
							<log id="_log145" message="Calling PAN EKYC API" />
							<to id="_to21" uri="direct:panAPICall" />
						</when>
						<when id="_when24">
							<simple>${header.pDOC_TYPE} == 'VOTER ID'</simple>
							<setHeader headerName="pDOCUMENT_NO" id="_setHeader109">
								<xpath resultType="java.lang.String">//pDOCUMENT_NO/text()</xpath>
							</setHeader>
							<log id="_log146" message="Calling Voter EKYC API" />
							<to id="_to22" uri="direct:voterAPICall" />
						</when>
						<when id="_when25">
							<simple>${header.pDOC_TYPE} == 'GSTIN'</simple>
							<setHeader headerName="pDOCUMENT_NO" id="_setHeader110">
								<xpath resultType="java.lang.String">//pDOCUMENT_NO/text()</xpath>
							</setHeader>
							<log id="_log147" message="Calling GSTIN EKYC API" />
							<to id="_to23" uri="direct:gstinAPICall" />
						</when>
						<when id="_when25">
							<simple>${header.pDOC_TYPE} == 'PASSPORT'</simple>
							<setHeader headerName="pDOCUMENT_NO" id="_setHeader215">
								<xpath resultType="java.lang.String">//pDOCUMENT_NO/text()</xpath>
							</setHeader>
							<log id="_log304" message="Calling passport EKYC API" />
							<to id="_to42" uri="direct:passportAPICall" />
						</when>
						<otherwise id="_otherwise2">
							<setHeader headerName="Stsmsg" id="_setHeader47">
								<simple>Invalid Document Type</simple>
							</setHeader>
							<removeHeaders excludePattern="pDOC_TYPE|Stsmsg"
								id="_removeHeaders9" pattern="*" />
							<bean id="_bean9" method="validationProcess" ref="resProcessor" />
							<log id="_log47" message="before unmarshal in name match_____ ${body}" />
							<unmarshal id="_unmarshal10" ref="json" />
							<log id="_log48" message="before marshal in name match_____ ${body}" />
							<marshal id="_marshal10" ref="soapxml" />
							<log id="_log49" message="after marshal in name match_____ ${body}" />
						</otherwise>
					</choice>
				</when>
				<otherwise id="_otherwise6">
					<log id="_log65" message="Consent is not proper" />
					<setHeader headerName="Stsmsg" id="_setHeader48">
						<simple>Consent Required as Y</simple>
					</setHeader>
					<removeHeaders excludePattern="pDOC_TYPE|Stsmsg" id="_removeHeaders11"
						pattern="*" />
					<bean id="_bean11" method="validationProcess" ref="resProcessor" />
					<log id="_log66" message="before unmarshal in name match_____ ${body}" />
					<unmarshal id="_unmarshal11" ref="json" />
					<log id="_log67" message="before marshal in name match_____ ${body}" />
					<marshal id="_marshal11" ref="soapxml" />
					<log id="_log68" message="after marshal in name match_____ ${body}" />
				</otherwise>
			</choice>
			<log id="_log2" message="Response send to CRM_______ ${body}" />
		</route>
		<route id="RT_2_TAN_API">
			<from uri="direct:tanAPICall" />
			<doTry>
				<choice>
					<when>
						<simple>${header.pDOCUMENT_NO} regex '^[a-zA-Z]{4}\d{5}[A-Za-z]{1}$'</simple>
						<setBody id="_setBody1">
							<simple>{"tan":"${header.pDOCUMENT_NO}", "consent":"${header.pCONSENT}"}</simple>
						</setBody>
						<setHeader headerName="Content-Type" id="_setHeader4">
							<constant>application/json</constant>
						</setHeader>
						<setHeader headerName="x-karza-key" id="_setHeader5">
							<constant>9qvf2X7URXTSfuvficjh</constant>
						</setHeader>
						<log id="_log3" message="Request Send to eKYC TAN API_____ ${body}" />
						<to id="_to3" pattern="InOut"
							uri="cxfrs:bean:rsTANAPI?throwExceptionOnFailure=false" />
						<log id="_log4" message="Response from eKYC API_____ ${body}" />
						<log id="_log8"
							message="HTTPS Header Value_____${header.CamelHttpResponseCode}" />
						<choice id="_choice1">
							<when id="_when2">
								<simple>${header.CamelHttpResponseCode} == '200'</simple>
								<setHeader headerName="statusCode" id="_setHeader7">
									<jsonpath>$.status-code</jsonpath>
								</setHeader>
								<setHeader headerName="requestId" id="_setHeader8">
									<jsonpath>$.request_id</jsonpath>
								</setHeader>
								<log id="_log6" message="Status Code ___${header.statusCode}" />
								<choice id="_choice2">
									<when id="_when3">
										<simple>${header.statusCode} == '101'</simple>
										<setHeader headerName="statusApi1" id="_setHeader22">
											<simple>validated</simple>
										</setHeader>
										<setHeader headerName="responseBody" id="_setHeader11">
											<jsonpath>$.result</jsonpath>
										</setHeader>
										<setHeader headerName="result_name" id="_setHeader9">
											<jsonpath>$.result.name</jsonpath>
										</setHeader>
										<setBody id="_setBody3">
											<simple>{"name1":"${header.pFULL_NAME}", "name2":"${header.result_name}", "type":"individual", "preset":"l"}</simple>
										</setBody>
										<log id="_log50" message="before name match call________${body}" />
										<to id="_to5" uri="direct:nameAPICall" />
										<setHeader headerName="requestId" id="_setHeader12">
											<jsonpath>$.requestId</jsonpath>
										</setHeader>
										<log id="_log9" message="body Merger________${body}" />
										<log id="_log10"
											message="Sending rc response to processor_____ ${header.responseBody}" />
										<log id="_log11"
											message="Sending score to processor_____ ${header.resultScore}" />
										<marshal id="_marshal23" ref="xml" />
										<removeHeaders
											excludePattern="responseBody|resultScore|statusCode|requestId|statusApi1|pDOC_TYPE|statusApi2"
											id="_removeHeaders1" pattern="*" />
										<bean id="_bean1" method="process" ref="resProcessor" />
										<log id="_log12" message="before unmarshal in name match_____ ${body}" />
										<unmarshal id="_unmarshal1" ref="json" />
										<log id="_log13" message="before marshal in name match_____ ${body}" />
										<marshal id="_marshal24" ref="soapxml" />
										<log id="_log14" message="after marshal in name match_____ ${body}" />
									</when>
									<otherwise id="_otherwise1">
										<log id="_log51" message="in otherwise 102__ ${body}" />
										<setHeader headerName="responseBody" id="_setHeader13">
											<simple>{"message":"No Result Found"}</simple>
										</setHeader>
										<setHeader headerName="statusApi1" id="_setHeader23">
											<simple>Not validated</simple>
										</setHeader>
										<removeHeaders
											excludePattern="responseBody|statusCode|requestId|statusApi1|pDOC_TYPE"
											id="_removeHeaders2" pattern="*" />
										<bean id="_bean2" method="process" ref="resProcessor" />
										<log id="_log15" message="before unmarshal in name match_____ ${body}" />
										<unmarshal id="_unmarshal2" ref="json" />
										<log id="_log16" message="before marshal in name match_____ ${body}" />
										<marshal id="_marshal2" ref="soapxml" />
										<log id="_log17" message="after marshal in name match_____ ${body}" />
									</otherwise>
								</choice>
							</when>
							<otherwise id="_otherwise5">
								<setHeader headerName="statusCode" id="_setHeader14">
									<jsonpath>$.status</jsonpath>
								</setHeader>
								<setHeader headerName="requestId" id="_setHeader15">
									<jsonpath>$.request_id</jsonpath>
								</setHeader>
								<setHeader headerName="statusApi1" id="_setHeader26">
									<simple>Not validated</simple>
								</setHeader>
								<log id="_log52" message="Sending Message to Exception route_${body}" />
								<to id="_to4" uri="direct:ExcetionRoute" />
								<log id="_log53" message="Response Message from Exception route_${body}" />
							</otherwise>
						</choice>
					</when>
					<otherwise>
						<log message="Validation failed for this route__ ${body}" />
						<setHeader headerName="Stsmsg">
							<simple>TAN No must be 10 characters</simple>
						</setHeader>
						<removeHeaders excludePattern="pDOC_TYPE|Stsmsg"
							pattern="*" />
						<bean method="validationProcess" ref="resProcessor" />
						<log message="before unmarshal in name match_____ ${body}" />
						<unmarshal ref="json" />
						<log message="before marshal in name match_____ ${body}" />
						<marshal ref="soapxml" />
						<log message="after marshal in name match_____ ${body}" />
					</otherwise>
				</choice>
				<doCatch id="_doCatch1">
					<exception>java.lang.Exception</exception>
					<log id="_log25" message="Exception Occurred_${exception.stacktrace}" />
					<setHeader headerName="responseBody" id="_setHeader16">
						<simple>{"message":"ExceptionOccured"}</simple>
					</setHeader>
					<setHeader headerName="requestId" id="_setHeader17">
						<simple>1</simple>
					</setHeader>
					<setHeader headerName="statusCode" id="_setHeader18">
						<simple>1</simple>
					</setHeader>
					<removeHeaders excludePattern="responseBody|statusCode|requestId|statusApi1"
						id="_removeHeaders3" pattern="*" />
					<bean id="_bean3" method="process" ref="resProcessor" />
					<log id="_log26" message="before unmarshal in name match_____ ${body}" />
					<unmarshal id="_unmarshal3" ref="json" />
					<log id="_log27" message="before marshal in name match_____ ${body}" />
					<marshal id="_marshal3" ref="soapxml" />
					<log id="_log28" message="after marshal in name match_____ ${body}" />
				</doCatch>
				<log id="_log29" message="Response send to User_____ ${body}" />
			</doTry>
		</route>
		<route id="RT_3_FDA_API">
			<from id="_from5" uri="direct:fDAAPICall" />
			<doTry id="_doTry3">
				<setBody id="_setBody2">
					<simple>{"consent":"${header.pCONSENT}", "licence_no":"${header.pDOCUMENT_NO}", "state":"${header.pState}"}</simple>
				</setBody>
				<setHeader headerName="Content-Type" id="_setHeader49">
					<constant>application/json</constant>
				</setHeader>
				<setHeader headerName="x-karza-key" id="_setHeader50">
					<constant>9qvf2X7URXTSfuvficjh</constant>
				</setHeader>
				<log id="_log69" message="Request Send to eKYC FDA API_____ ${body}" />
				<to id="_to10" pattern="InOut"
					uri="cxfrs:bean:rsFDAAPI?throwExceptionOnFailure=false" />
				<log id="_log70" message="Response from eKYC FDA API_____ ${body}" />
				<log id="_log71" message="HTTPS Header Value_____${header.CamelHttpResponseCode}" />
				<choice id="_choice7">
					<when id="_when15">
						<simple>${header.CamelHttpResponseCode} == '200'</simple>
						<setHeader headerName="statusCode" id="_setHeader51">
							<jsonpath>$.status-code</jsonpath>
						</setHeader>
						<setHeader headerName="requestId" id="_setHeader52">
							<jsonpath>$.request_id</jsonpath>
						</setHeader>
						<log id="_log72" message="Status Code ___${header.statusCode}" />
						<choice id="_choice8">
							<when id="_when16">
								<simple>${header.statusCode} == '101'</simple>
								<setHeader headerName="statusApi1" id="_setHeader53">
									<simple>validated</simple>
								</setHeader>
								<setHeader headerName="responseBody" id="_setHeader55">
									<jsonpath>$.result</jsonpath>
								</setHeader>
								<setHeader headerName="result_name" id="_setHeader56">
									<jsonpath>$.result.store_name</jsonpath>
								</setHeader>
								<setBody id="_setBody4">
									<simple>{"name1":"${header.pFULL_NAME}", "name2":"${header.result_name}", "type":"individual", "preset":"l"}</simple>
								</setBody>
								<log id="_log73" message="before name match call________${body}" />
								<to id="_to11" uri="direct:nameAPICall" />
								<setHeader headerName="requestId" id="_setHeader57">
									<jsonpath>$.requestId</jsonpath>
								</setHeader>
								<log id="_log74" message="body Merger________${body}" />
								<log id="_log75"
									message="Sending rc response to processor_____ ${header.responseBody}" />
								<log id="_log76"
									message="Sending score to processor_____ ${header.resultScore}" />
								<marshal id="_marshal25" ref="xml" />
								<removeHeaders
									excludePattern="responseBody|resultScore|statusCode|requestId|statusApi1|pDOC_TYPE|statusApi2"
									id="_removeHeaders12" pattern="*" />
								<bean id="_bean12" method="process" ref="resProcessor" />
								<log id="_log77" message="before unmarshal in name match_____ ${body}" />
								<unmarshal id="_unmarshal12" ref="json" />
								<log id="_log78" message="before marshal in name match_____ ${body}" />
								<marshal id="_marshal12" ref="soapxml" />
								<log id="_log79" message="after marshal in name match_____ ${body}" />
							</when>
							<otherwise id="_otherwise7">
								<log id="_log80" message="in otherwise 102__ ${body}" />
								<setHeader headerName="responseBody" id="_setHeader58">
									<simple>{"message":"No Result Found"}</simple>
								</setHeader>
								<setHeader headerName="statusApi1" id="_setHeader59">
									<simple>Not validated</simple>
								</setHeader>
								<removeHeaders
									excludePattern="responseBody|statusCode|requestId|statusApi1|pDOC_TYPE"
									id="_removeHeaders13" pattern="*" />
								<bean id="_bean13" method="process" ref="resProcessor" />
								<log id="_log81" message="before unmarshal in name match_____ ${body}" />
								<unmarshal id="_unmarshal13" ref="json" />
								<log id="_log82" message="before marshal in name match_____ ${body}" />
								<marshal id="_marshal13" ref="soapxml" />
								<log id="_log83" message="after marshal in name match_____ ${body}" />
							</otherwise>
						</choice>
					</when>
					<otherwise id="_otherwise8">
						<setHeader headerName="statusCode" id="_setHeader60">
							<jsonpath>$.status</jsonpath>
						</setHeader>
						<setHeader headerName="requestId" id="_setHeader61">
							<jsonpath>$.request_id</jsonpath>
						</setHeader>
						<setHeader headerName="statusApi1" id="_setHeader62">
							<simple>Not validated</simple>
						</setHeader>
						<log id="_log84" message="Sending Message to Exception route_${body}" />
						<to id="_to12" uri="direct:ExcetionRoute" />
						<log id="_log85" message="Response Message from Exception route_${body}" />
					</otherwise>
				</choice>
				<doCatch id="_doCatch3">
					<exception>java.lang.Exception</exception>
					<log id="_log86" message="Exception Occurred_${exception.stacktrace}" />
					<setHeader headerName="responseBody" id="_setHeader63">
						<simple>{"message":"ExceptionOccured"}</simple>
					</setHeader>
					<setHeader headerName="requestId" id="_setHeader64">
						<simple>1</simple>
					</setHeader>
					<setHeader headerName="statusCode" id="_setHeader65">
						<simple>1</simple>
					</setHeader>
					<removeHeaders excludePattern="responseBody|statusCode|requestId|statusApi1"
						id="_removeHeaders14" pattern="*" />
					<bean id="_bean14" method="process" ref="resProcessor" />
					<log id="_log87" message="before unmarshal in name match_____ ${body}" />
					<unmarshal id="_unmarshal14" ref="json" />
					<log id="_log88" message="before marshal in name match_____ ${body}" />
					<marshal id="_marshal14" ref="soapxml" />
					<log id="_log89" message="after marshal in name match_____ ${body}" />
				</doCatch>
				<log id="_log90" message="Response send to User_____ ${body}" />
			</doTry>
		</route>
		<route id="RT_4_FSSAI_API">
			<from id="_from6" uri="direct:fSSAIAPICall" />
			<doTry id="_doTry4">
				<choice id="_choice9">
					<when id="_when17">
						<simple>${header.pDOCUMENT_NO} regex '^[0-9]{14}$'</simple>
						<setBody id="_setBody5">
							<simple>{"reg_no":"${header.pDOCUMENT_NO}", "consent":"${header.pCONSENT}"}</simple>
						</setBody>
						<setHeader headerName="Content-Type" id="_setHeader66">
							<constant>application/json</constant>
						</setHeader>
						<setHeader headerName="x-karza-key" id="_setHeader67">
							<constant>9qvf2X7URXTSfuvficjh</constant>
						</setHeader>
						<log id="_log91" message="Request Send to eKYC FSSAI API_____ ${body}" />
						<to id="_to13" pattern="InOut"
							uri="cxfrs:bean:rsFSSAIAPI?throwExceptionOnFailure=false" />
						<log id="_log92" message="Response from FSSAI eKYC API_____ ${body}" />
						<log id="_log93"
							message="HTTPS Header Value_____${header.CamelHttpResponseCode}" />
						<choice id="_choice10">
							<when id="_when18">
								<simple>${header.CamelHttpResponseCode} == '200'</simple>
								<setHeader headerName="statusCode" id="_setHeader68">
									<jsonpath>$.status-code</jsonpath>
								</setHeader>
								<setHeader headerName="requestId" id="_setHeader69">
									<jsonpath>$.request_id</jsonpath>
								</setHeader>
								<log id="_log94" message="Status Code ___${header.statusCode}" />
								<choice id="_choice11">
									<when id="_when19">
										<simple>${header.statusCode} == '101'</simple>
										<setHeader headerName="statusApi1" id="_setHeader70">
											<simple>validated</simple>
										</setHeader>
										<setHeader headerName="responseBody" id="_setHeader71">
											<jsonpath>$.result</jsonpath>
										</setHeader>
										<setHeader headerName="result_name" id="_setHeader72">
											<jsonpath>$.result.FirmName</jsonpath>
										</setHeader>
										<setBody id="_setBody6">
											<simple>{"name1":"${header.pFULL_NAME}", "name2":"${header.result_name}", "type":"individual", "preset":"l"}</simple>
										</setBody>
										<log id="_log95" message="before name match call________${body}" />
										<to id="_to14" uri="direct:nameAPICall" />
										<setHeader headerName="requestId" id="_setHeader73">
											<jsonpath>$.requestId</jsonpath>
										</setHeader>
										<log id="_log96" message="body Merger________${body}" />
										<log id="_log97"
											message="Sending response to processor_____ ${header.responseBody}" />
										<log id="_log98"
											message="Sending score to processor_____ ${header.resultScore}" />
										<marshal id="_marshal26" ref="xml" />
										<removeHeaders
											excludePattern="responseBody|resultScore|statusCode|requestId|statusApi1|pDOC_TYPE|statusApi2"
											id="_removeHeaders15" pattern="*" />
										<bean id="_bean15" method="SpecialCaseProcess" ref="resProcessor" />
										<log id="_log99" message="before unmarshal in name match_____ ${body}" />
										<unmarshal id="_unmarshal15" ref="json" />
										<log id="_log100" message="before marshal in name match_____ ${body}" />
										<marshal id="_marshal15" ref="soapxml" />
										<log id="_log101" message="after marshal in name match_____ ${body}" />
									</when>
									<otherwise id="_otherwise9">
										<log id="_log102" message="in otherwise 102__ ${body}" />
										<setHeader headerName="responseBody" id="_setHeader74">
											<simple>{"message":"No Result Found"}</simple>
										</setHeader>
										<setHeader headerName="statusApi1" id="_setHeader75">
											<simple>Not validated</simple>
										</setHeader>
										<removeHeaders
											excludePattern="responseBody|statusCode|requestId|statusApi1|pDOC_TYPE"
											id="_removeHeaders16" pattern="*" />
										<bean id="_bean16" method="SpecialCaseProcess" ref="resProcessor" />
										<log id="_log103" message="before unmarshal in name match_____ ${body}" />
										<unmarshal id="_unmarshal16" ref="json" />
										<log id="_log104" message="before marshal in name match_____ ${body}" />
										<marshal id="_marshal16" ref="soapxml" />
										<log id="_log105" message="after marshal in name match_____ ${body}" />
									</otherwise>
								</choice>
							</when>
							<otherwise id="_otherwise10">
								<setHeader headerName="statusCode" id="_setHeader76">
									<jsonpath>$.status</jsonpath>
								</setHeader>
								<setHeader headerName="requestId" id="_setHeader77">
									<jsonpath>$.request_id</jsonpath>
								</setHeader>
								<setHeader headerName="statusApi1" id="_setHeader78">
									<simple>Not validated</simple>
								</setHeader>
								<log id="_log106" message="Sending Message to Exception route_${body}" />
								<to id="_to15" uri="direct:ExcetionRoute" />
								<log id="_log107" message="Response Message from Exception route_${body}" />
							</otherwise>
						</choice>
					</when>
					<otherwise id="_otherwise11">
						<log id="_log108" message="Validation failed for this route__ ${body}" />
						<setHeader headerName="Stsmsg" id="_setHeader79">
							<simple>Reg No must be 14 digits</simple>
						</setHeader>
						<removeHeaders excludePattern="pDOC_TYPE|Stsmsg" id="_removeHeaders17"
							pattern="*" />
						<bean id="_bean17" method="validationProcess" ref="resProcessor" />
						<log id="_log109" message="before unmarshal in name match_____ ${body}" />
						<unmarshal id="_unmarshal17" ref="json" />
						<log id="_log110" message="before marshal in name match_____ ${body}" />
						<marshal id="_marshal17" ref="soapxml" />
						<log id="_log111" message="after marshal in name match_____ ${body}" />
					</otherwise>
				</choice>
				<doCatch id="_doCatch4">
					<exception>java.lang.Exception</exception>
					<log id="_log112" message="Exception Occurred_${exception.stacktrace}" />
					<setHeader headerName="responseBody" id="_setHeader81">
						<simple>{"message":"ExceptionOccured"}</simple>
					</setHeader>
					<setHeader headerName="requestId" id="_setHeader82">
						<simple>1</simple>
					</setHeader>
					<setHeader headerName="statusCode" id="_setHeader83">
						<simple>1</simple>
					</setHeader>
					<removeHeaders excludePattern="responseBody|statusCode|requestId|statusApi1"
						id="_removeHeaders18" pattern="*" />
					<bean id="_bean18" method="process" ref="resProcessor" />
					<log id="_log113" message="before unmarshal in name match_____ ${body}" />
					<unmarshal id="_unmarshal18" ref="json" />
					<log id="_log114" message="before marshal in name match_____ ${body}" />
					<marshal id="_marshal18" ref="soapxml" />
					<log id="_log115" message="after marshal in name match_____ ${body}" />
				</doCatch>
				<log id="_log116" message="Response send to User_____ ${body}" />
			</doTry>
		</route>
		<route id="RT_5_RC_API">
			<from id="_from7" uri="direct:rCAPICall" />
			<doTry id="_doTry5">
				<choice id="_choice12">
					<when id="_when20">
						<simple>${header.pDOCUMENT_NO} regex '^[A-Za-z0-9.-]{7,}$'</simple>
						<setBody id="_setBody7">
							<simple>{"reg_no":"${header.pDOCUMENT_NO}", "consent":"${header.pCONSENT}"}</simple>
						</setBody>
						<setHeader headerName="Content-Type" id="_setHeader89">
							<constant>application/json</constant>
						</setHeader>
						<setHeader headerName="x-karza-key" id="_setHeader90">
							<constant>9qvf2X7URXTSfuvficjh</constant>
						</setHeader>
						<log id="_log119" message="Request Send to eKYC Vehicle_RC API_____ ${body}" />
						<to id="_to18" pattern="InOut"
							uri="cxfrs:bean:rsRCAPI?throwExceptionOnFailure=false" />
						<log id="_log120" message="Response from Vehicle_RC eKYC API_____ ${body}" />
						<log id="_log121"
							message="HTTPS Header Value_____${header.CamelHttpResponseCode}" />
						<choice id="_choice13">
							<when id="_when21">
								<simple>${header.CamelHttpResponseCode} == '200'</simple>
								<setHeader headerName="statusCode" id="_setHeader91">
									<jsonpath>$.status-code</jsonpath>
								</setHeader>
								<setHeader headerName="requestId" id="_setHeader92">
									<jsonpath>$.request_id</jsonpath>
								</setHeader>
								<log id="_log122" message="Status Code ___${header.statusCode}" />
								<choice id="_choice14">
									<when id="_when22">
										<simple>${header.statusCode} == '101'</simple>
										<setHeader headerName="statusApi1" id="_setHeader93">
											<simple>validated</simple>
										</setHeader>
										<setHeader headerName="responseBody" id="_setHeader94">
											<jsonpath>$.result</jsonpath>
										</setHeader>
										<setHeader headerName="result_name" id="_setHeader95">
											<jsonpath>$.result.rc_owner_name</jsonpath>
										</setHeader>
										<setBody id="_setBody8">
											<simple>{"name1":"${header.pFULL_NAME}", "name2":"${header.result_name}", "type":"individual", "preset":"l"}</simple>
										</setBody>
										<log id="_log123" message="before name match call________${body}" />
										<to id="_to19" uri="direct:nameAPICall" />
										<setHeader headerName="requestId" id="_setHeader96">
											<jsonpath>$.requestId</jsonpath>
										</setHeader>
										<log id="_log124" message="body Merger________${body}" />
										<log id="_log125"
											message="Sending rc response to processor_____ ${header.responseBody}" />
										<log id="_log126"
											message="Sending score to processor_____ ${header.resultScore}" />
										<removeHeaders
											excludePattern="responseBody|resultScore|statusCode|requestId|statusApi1|pDOC_TYPE|statusApi2"
											id="_removeHeaders19" pattern="*" />
										<bean id="_bean19" method="process" ref="resProcessor" />
										<marshal id="_marshal1" ref="xml" />
										<log id="_log127" message="before unmarshal in name match_____ ${body}" />
										<unmarshal id="_unmarshal19" ref="json" />
										<log id="_log128" message="before marshal in name match_____ ${body}" />
										<marshal id="_marshal19" ref="soapxml" />
										<log id="_log129" message="after marshal in name match_____ ${body}" />
									</when>
									<otherwise id="_otherwise12">
										<log id="_log130" message="in otherwise 102__ ${body}" />
										<setHeader headerName="responseBody" id="_setHeader97">
											<simple>{"message":"No Result Found"}</simple>
										</setHeader>
										<setHeader headerName="statusApi1" id="_setHeader98">
											<simple>Not validated</simple>
										</setHeader>
										<removeHeaders
											excludePattern="responseBody|statusCode|requestId|statusApi1|pDOC_TYPE"
											id="_removeHeaders20" pattern="*" />
										<bean id="_bean20" method="process" ref="resProcessor" />
										<log id="_log131" message="before unmarshal in name match_____ ${body}" />
										<unmarshal id="_unmarshal20" ref="json" />
										<log id="_log132" message="before marshal in name match_____ ${body}" />
										<marshal id="_marshal20" ref="soapxml" />
										<log id="_log133" message="after marshal in name match_____ ${body}" />
									</otherwise>
								</choice>
							</when>
							<otherwise id="_otherwise13">
								<setHeader headerName="statusCode" id="_setHeader99">
									<jsonpath>$.status</jsonpath>
								</setHeader>
								<setHeader headerName="requestId" id="_setHeader100">
									<jsonpath>$.request_id</jsonpath>
								</setHeader>
								<setHeader headerName="statusApi1" id="_setHeader101">
									<simple>Not validated</simple>
								</setHeader>
								<log id="_log134" message="Sending Message to Exception route_${body}" />
								<to id="_to20" uri="direct:ExcetionRoute" />
								<log id="_log135" message="Response Message from Exception route_${body}" />
							</otherwise>
						</choice>
					</when>
					<otherwise id="_otherwise14">
						<log id="_log136" message="Validation failed for this route" />
						<setHeader headerName="Stsmsg" id="_setHeader102">
							<simple>Reg No mininmum lenght must be 7</simple>
						</setHeader>
						<setHeader headerName="statusApi1" id="_setHeader103">
							<simple>Not validated</simple>
						</setHeader>
						<removeHeaders excludePattern="pDOC_TYPE|Stsmsg" id="_removeHeaders21"
							pattern="*" />
						<bean id="_bean21" method="validationProcess" ref="resProcessor" />
						<log id="_log137" message="before unmarshal in name match_____ ${body}" />
						<unmarshal id="_unmarshal21" ref="json" />
						<log id="_log138" message="before marshal in name match_____ ${body}" />
						<marshal id="_marshal21" ref="soapxml" />
						<log id="_log139" message="after marshal in name match_____ ${body}" />
					</otherwise>
				</choice>
				<doCatch id="_doCatch5">
					<exception>java.lang.Exception</exception>
					<log id="_log140" message="Exception Occurred_${exception.stacktrace}" />
					<setHeader headerName="responseBody" id="_setHeader104">
						<simple>{"message":"ExceptionOccured"}</simple>
					</setHeader>
					<setHeader headerName="requestId" id="_setHeader105">
						<simple>1</simple>
					</setHeader>
					<setHeader headerName="statusCode" id="_setHeader106">
						<simple>1</simple>
					</setHeader>
					<removeHeaders excludePattern="responseBody|statusCode|requestId|statusApi1"
						id="_removeHeaders22" pattern="*" />
					<bean id="_bean22" method="process" ref="resProcessor" />
					<log id="_log141" message="before unmarshal in name match_____ ${body}" />
					<unmarshal id="_unmarshal22" ref="json" />
					<log id="_log142" message="before marshal in name match_____ ${body}" />
					<marshal id="_marshal22" ref="soapxml" />
					<log id="_log143" message="after marshal in name match_____ ${body}" />
				</doCatch>
				<log id="_log144" message="Response send to User_____ ${body}" />
			</doTry>
		</route>
		<route id="RT_6_DriverL_API">
			<from id="_from8" uri="direct:dLAPICall" />
			<doTry id="_doTry6">
				<choice id="_choice15">
					<when id="_when26">
						<!-- <simple>${header.pDOCUMENT_NO} regex '^[A-Z0-9]{5,255}$' & ${header.pDOB} 
							regex '^(0[1-9]|[12][0-9]|3[01])-(0[1-9]|1[012])-(19|20)\d\d$'</simple> -->
						<simple>${header.pDOCUMENT_NO} regex '^[A-Z0-9]{5,255}$'</simple>
						<setBody id="_setBody9">
							<simple>{"dl_no":"${header.pDOCUMENT_NO}", "consent":"${header.pCONSENT}", "dob":"${header.pDOB}"}</simple>
						</setBody>
						<setHeader headerName="Content-Type" id="_setHeader111">
							<constant>application/json</constant>
						</setHeader>
						<setHeader headerName="x-karza-key" id="_setHeader112">
							<constant>9qvf2X7URXTSfuvficjh</constant>
						</setHeader>
						<log id="_log148" message="Request Send to eKYC Driver  API_____ ${body}" />
						<to id="_to24" pattern="InOut"
							uri="cxfrs:bean:rsDLAPI?throwExceptionOnFailure=false" />
						<log id="_log149" message="Response from DL eKYC API_____ ${body}" />
						<log id="_log150"
							message="HTTPS Header Value_____${header.CamelHttpResponseCode}" />
						<choice id="_choice16">
							<when id="_when27">
								<simple>${header.CamelHttpResponseCode} == '200'</simple>
								<setHeader headerName="statusCode" id="_setHeader113">
									<jsonpath>$.status-code</jsonpath>
								</setHeader>
								<setHeader headerName="requestId" id="_setHeader114">
									<jsonpath>$.request_id</jsonpath>
								</setHeader>
								<log id="_log151" message="Status Code ___${header.statusCode}" />
								<choice id="_choice17">
									<when id="_when28">
										<simple>${header.statusCode} == '101'</simple>
										<setHeader headerName="statusApi1" id="_setHeader115">
											<simple>validated</simple>
										</setHeader>
										<setHeader headerName="responseBody" id="_setHeader116">
											<jsonpath>$.result</jsonpath>
										</setHeader>
										<setHeader headerName="result_name" id="_setHeader117">
											<jsonpath>$.result.name</jsonpath>
										</setHeader>
										<setBody id="_setBody10">
											<simple>{"name1":"${header.pFULL_NAME}", "name2":"${header.result_name}", "type":"individual", "preset":"l"}</simple>
										</setBody>
										<log id="_log152" message="before name match call________${body}" />
										<to id="_to25" uri="direct:nameAPICall" />
										<setHeader headerName="requestId" id="_setHeader118">
											<jsonpath>$.requestId</jsonpath>
										</setHeader>
										<log id="_log153" message="body Merger________${body}" />
										<log id="_log154"
											message="Sending DL response to processor_____ ${header.responseBody}" />
										<log id="_log155"
											message="Sending score to processor_____ ${header.resultScore}" />
										<removeHeaders
											excludePattern="responseBody|resultScore|statusCode|requestId|statusApi1|pDOC_TYPE|statusApi2"
											id="_removeHeaders23" pattern="*" />
										<bean id="_bean23" method="process" ref="resProcessor" />
										<log id="_log156" message="before unmarshal in name match_____ ${body}" />
										<marshal id="_marshal27" ref="xml" />
										<unmarshal id="_unmarshal23" ref="json" />
										<log id="_log157" message="before marshal in name match_____ ${body}" />
										<marshal id="_marshal28" ref="soapxml" />
										<log id="_log158" message="after marshal in name match_____ ${body}" />
									</when>
									<otherwise id="_otherwise15">
										<log id="_log159" message="in otherwise 102__ ${body}" />
										<setHeader headerName="responseBody" id="_setHeader119">
											<simple>{"message":"No Result Found"}</simple>
										</setHeader>
										<setHeader headerName="statusApi1" id="_setHeader120">
											<simple>Not validated</simple>
										</setHeader>
										<removeHeaders
											excludePattern="responseBody|statusCode|requestId|statusApi1|pDOC_TYPE"
											id="_removeHeaders24" pattern="*" />
										<bean id="_bean24" method="process" ref="resProcessor" />
										<log id="_log160" message="before unmarshal in name match_____ ${body}" />
										<unmarshal id="_unmarshal24" ref="json" />
										<log id="_log161" message="before marshal in name match_____ ${body}" />
										<marshal id="_marshal29" ref="soapxml" />
										<log id="_log162" message="after marshal in name match_____ ${body}" />
									</otherwise>
								</choice>
							</when>
							<otherwise id="_otherwise16">
								<setHeader headerName="statusCode" id="_setHeader121">
									<jsonpath>$.status</jsonpath>
								</setHeader>
								<setHeader headerName="requestId" id="_setHeader122">
									<jsonpath>$.request_id</jsonpath>
								</setHeader>
								<setHeader headerName="statusApi1" id="_setHeader123">
									<simple>Not validated</simple>
								</setHeader>
								<log id="_log163" message="Sending Message to Exception route_${body}" />
								<to id="_to26" uri="direct:ExcetionRoute" />
								<log id="_log164" message="Response Message from Exception route_${body}" />
							</otherwise>
						</choice>
					</when>
					<otherwise id="_otherwise17">
						<log id="_log165" message="Validation failed for this route__ ${body}" />
						<setHeader headerName="Stsmsg" id="_setHeader124">
							<simple>Require License_No Lenght must be 5-255 and DOB as dd-mm-yyyy format</simple>
						</setHeader>
						<removeHeaders excludePattern="pDOC_TYPE|Stsmsg" id="_removeHeaders25"
							pattern="*" />
						<bean id="_bean25" method="validationProcess" ref="resProcessor" />
						<log id="_log166" message="before unmarshal in name match_____ ${body}" />
						<unmarshal id="_unmarshal25" ref="json" />
						<log id="_log167" message="before marshal in name match_____ ${body}" />
						<marshal id="_marshal30" ref="soapxml" />
						<log id="_log168" message="after marshal in name match_____ ${body}" />
					</otherwise>
				</choice>
				<doCatch id="_doCatch6">
					<exception>java.lang.Exception</exception>
					<log id="_log169" message="Exception Occurred_${exception.stacktrace}" />
					<setHeader headerName="responseBody" id="_setHeader125">
						<simple>{"message":"ExceptionOccured"}</simple>
					</setHeader>
					<setHeader headerName="requestId" id="_setHeader126">
						<simple>1</simple>
					</setHeader>
					<setHeader headerName="statusCode" id="_setHeader127">
						<simple>1</simple>
					</setHeader>
					<removeHeaders excludePattern="responseBody|statusCode|requestId|statusApi1"
						id="_removeHeaders26" pattern="*" />
					<bean id="_bean26" method="process" ref="resProcessor" />
					<log id="_log170" message="before unmarshal in name match_____ ${body}" />
					<unmarshal id="_unmarshal26" ref="json" />
					<log id="_log171" message="before marshal in name match_____ ${body}" />
					<marshal id="_marshal31" ref="soapxml" />
					<log id="_log172" message="after marshal in name match_____ ${body}" />
				</doCatch>
				<log id="_log173" message="Response send to User_____ ${body}" />
			</doTry>
		</route>
		<route id="RT_7_ELEC_API">
			<from id="_from9" uri="direct:elecAPICall" />
			<doTry id="_doTry7">
				<choice id="_choice18">
					<when id="_when29">
						<simple>${header.pDOCUMENT_NO} regex '^[A-Za-z0-9]{4,20}'</simple>
						<setBody id="_setBody11">
							<simple>{"consumer_id":"${header.pDOCUMENT_NO}", "consent":"${header.pCONSENT}", "service_provider":"${header.pSERVICE_PROVIDER}"}</simple>
						</setBody>
						<setHeader headerName="Content-Type" id="_setHeader128">
							<constant>application/json</constant>
						</setHeader>
						<setHeader headerName="x-karza-key" id="_setHeader129">
							<constant>9qvf2X7URXTSfuvficjh</constant>
						</setHeader>
						<log id="_log174" message="Request Send to eKYC Electricity API_____ ${body}" />
						<to id="_to27" pattern="InOut"
							uri="cxfrs:bean:rsEAPI?throwExceptionOnFailure=false" />
						<log id="_log175" message="Response from eKYC Electricity API_____ ${body}" />
						<log id="_log176"
							message="HTTPS Header Value_____${header.CamelHttpResponseCode}" />
						<choice id="_choice19">
							<when id="_when30">
								<simple>${header.CamelHttpResponseCode} == '200'</simple>
								<setHeader headerName="statusCode" id="_setHeader130">
									<jsonpath>$.status-code</jsonpath>
								</setHeader>
								<setHeader headerName="requestId" id="_setHeader131">
									<jsonpath>$.request_id</jsonpath>
								</setHeader>
								<log id="_log177" message="Status Code ___${header.statusCode}" />
								<choice id="_choice20">
									<when id="_when31">
										<simple>${header.statusCode} == '101'</simple>
										<setHeader headerName="statusApi1" id="_setHeader132">
											<simple>validated</simple>
										</setHeader>
										<setHeader headerName="responseBody" id="_setHeader133">
											<jsonpath>$.result</jsonpath>
										</setHeader>
										<setHeader headerName="result_name" id="_setHeader134">
											<jsonpath>$.result.consumer_name</jsonpath>
										</setHeader>
										<setBody id="_setBody12">
											<simple>{"name1":"${header.pFULL_NAME}", "name2":"${header.result_name}", "type":"individual", "preset":"l"}</simple>
										</setBody>
										<log id="_log178" message="before name match call________${body}" />
										<to id="_to28" uri="direct:nameAPICall" />
										<setHeader headerName="requestId" id="_setHeader135">
											<jsonpath>$.requestId</jsonpath>
										</setHeader>
										<log id="_log179" message="body Merger________${body}" />
										<log id="_log180"
											message="Sending rc response to processor_____ ${header.responseBody}" />
										<log id="_log181"
											message="Sending score to processor_____ ${header.resultScore}" />
										<removeHeaders
											excludePattern="responseBody|resultScore|statusCode|requestId|statusApi1|pDOC_TYPE|statusApi2"
											id="_removeHeaders27" pattern="*" />
										<bean id="_bean27" method="process" ref="resProcessor" />
										<log id="_log182" message="before unmarshal in name match_____ ${body}" />
										<marshal id="_marshal32" ref="xml" />
										<unmarshal id="_unmarshal27" ref="json" />
										<log id="_log183" message="before marshal in name match_____ ${body}" />
										<marshal id="_marshal33" ref="soapxml" />
										<log id="_log184" message="after marshal in name match_____ ${body}" />
									</when>
									<otherwise id="_otherwise18">
										<log id="_log185" message="in otherwise 102__ ${body}" />
										<setHeader headerName="responseBody" id="_setHeader136">
											<simple>{"message":"No Result Found"}</simple>
										</setHeader>
										<setHeader headerName="statusApi1" id="_setHeader137">
											<simple>Not validated</simple>
										</setHeader>
										<removeHeaders
											excludePattern="responseBody|statusCode|requestId|statusApi1|pDOC_TYPE"
											id="_removeHeaders28" pattern="*" />
										<bean id="_bean28" method="process" ref="resProcessor" />
										<log id="_log186" message="before unmarshal in name match_____ ${body}" />
										<unmarshal id="_unmarshal28" ref="json" />
										<log id="_log187" message="before marshal in name match_____ ${body}" />
										<marshal id="_marshal34" ref="soapxml" />
										<log id="_log188" message="after marshal in name match_____ ${body}" />
									</otherwise>
								</choice>
							</when>
							<otherwise id="_otherwise19">
								<setHeader headerName="statusCode" id="_setHeader138">
									<jsonpath>$.status</jsonpath>
								</setHeader>
								<setHeader headerName="requestId" id="_setHeader139">
									<jsonpath>$.request_id</jsonpath>
								</setHeader>
								<setHeader headerName="statusApi1" id="_setHeader140">
									<simple>Not validated</simple>
								</setHeader>
								<log id="_log189" message="Sending Message to Exception route_${body}" />
								<to id="_to29" uri="direct:ExcetionRoute" />
								<log id="_log190" message="Response Message from Exception route_${body}" />
							</otherwise>
						</choice>
					</when>
					<otherwise id="_otherwise20">
						<log id="_log191" message="Validation failed for this route__ ${body}" />
						<setHeader headerName="Stsmsg" id="_setHeader141">
							<simple>Consumer ID length must be 4-20</simple>
						</setHeader>
						<removeHeaders excludePattern="pDOC_TYPE|Stsmsg" id="_removeHeaders29"
							pattern="*" />
						<bean id="_bean29" method="validationProcess" ref="resProcessor" />
						<log id="_log192" message="before unmarshal in name match_____ ${body}" />
						<unmarshal id="_unmarshal29" ref="json" />
						<log id="_log193" message="before marshal in name match_____ ${body}" />
						<marshal id="_marshal35" ref="soapxml" />
						<log id="_log194" message="after marshal in name match_____ ${body}" />
					</otherwise>
				</choice>
				<doCatch id="_doCatch7">
					<exception>java.lang.Exception</exception>
					<log id="_log195" message="Exception Occurred_${exception.stacktrace}" />
					<setHeader headerName="responseBody" id="_setHeader142">
						<simple>{"message":"ExceptionOccured"}</simple>
					</setHeader>
					<setHeader headerName="requestId" id="_setHeader143">
						<simple>1</simple>
					</setHeader>
					<setHeader headerName="statusCode" id="_setHeader144">
						<simple>1</simple>
					</setHeader>
					<removeHeaders excludePattern="responseBody|statusCode|requestId|statusApi1"
						id="_removeHeaders30" pattern="*" />
					<bean id="_bean30" method="process" ref="resProcessor" />
					<log id="_log196" message="before unmarshal in name match_____ ${body}" />
					<unmarshal id="_unmarshal30" ref="json" />
					<log id="_log197" message="before marshal in name match_____ ${body}" />
					<marshal id="_marshal36" ref="soapxml" />
					<log id="_log198" message="after marshal in name match_____ ${body}" />
				</doCatch>
				<log id="_log199" message="Response send to User_____ ${body}" />
			</doTry>
		</route>
		<route id="RT_8_LPG_API">
			<from id="_from10" uri="direct:lpgAPICall" />
			<doTry id="_doTry8">
				<choice id="_choice21">
					<when id="_when32">
						<simple>${header.pDOCUMENT_NO} regex '^\d{17}$'</simple>
						<setBody id="_setBody13">
							<simple>{"lpg_id":"${header.pDOCUMENT_NO}", "consent":"${header.pCONSENT}"}</simple>
						</setBody>
						<setHeader headerName="Content-Type" id="_setHeader145">
							<constant>application/json</constant>
						</setHeader>
						<setHeader headerName="x-karza-key" id="_setHeader146">
							<constant>9qvf2X7URXTSfuvficjh</constant>
						</setHeader>
						<log id="_log200" message="Request Send to eKYC LPG API_____ ${body}" />
						<to id="_to30" pattern="InOut"
							uri="cxfrs:bean:rsLPGAPI?throwExceptionOnFailure=false" />
						<log id="_log201" message="Response from eKYC LPG API_____ ${body}" />
						<log id="_log202"
							message="HTTPS Header Value_____${header.CamelHttpResponseCode}" />
						<choice id="_choice22">
							<when id="_when33">
								<simple>${header.CamelHttpResponseCode} == '200'</simple>
								<setHeader headerName="statusCode" id="_setHeader147">
									<jsonpath>$.status-code</jsonpath>
								</setHeader>
								<setHeader headerName="requestId" id="_setHeader148">
									<jsonpath>$.request_id</jsonpath>
								</setHeader>
								<log id="_log203" message="Status Code ___${header.statusCode}" />
								<choice id="_choice23">
									<when id="_when34">
										<simple>${header.statusCode} == '101'</simple>
										<setHeader headerName="statusApi1" id="_setHeader149">
											<simple>validated</simple>
										</setHeader>
										<setHeader headerName="responseBody" id="_setHeader150">
											<jsonpath>$.result</jsonpath>
										</setHeader>
										<setHeader headerName="result_name" id="_setHeader151">
											<jsonpath>$.result.ConsumerName</jsonpath>
										</setHeader>
										<setBody id="_setBody14">
											<simple>{"name1":"${header.pFULL_NAME}", "name2":"${header.result_name}", "type":"individual", "preset":"l"}</simple>
										</setBody>
										<log id="_log204" message="before name match call________${body}" />
										<to id="_to31" uri="direct:nameAPICall" />
										<setHeader headerName="requestId" id="_setHeader152">
											<jsonpath>$.requestId</jsonpath>
										</setHeader>
										<log id="_log205" message="body Merger________${body}" />
										<log id="_log206"
											message="Sending rc response to processor_____ ${header.responseBody}" />
										<log id="_log207"
											message="Sending score to processor_____ ${header.resultScore}" />
										<removeHeaders
											excludePattern="responseBody|resultScore|statusCode|requestId|statusApi1|pDOC_TYPE|statusApi2"
											id="_removeHeaders31" pattern="*" />
										<bean id="_bean31" method="SpecialCaseProcess" ref="resProcessor" />
										<log id="_log208" message="before unmarshal in name match_____ ${body}" />
										<marshal id="_marshal37" ref="xml" />
										<unmarshal id="_unmarshal31" ref="json" />
										<log id="_log209" message="before marshal in name match_____ ${body}" />
										<marshal id="_marshal38" ref="soapxml" />
										<log id="_log210" message="after marshal in name match_____ ${body}" />
									</when>
									<otherwise id="_otherwise21">
										<log id="_log211" message="in otherwise 102__ ${body}" />
										<setHeader headerName="responseBody" id="_setHeader153">
											<simple>{"message":"No Result Found"}</simple>
										</setHeader>
										<setHeader headerName="statusApi1" id="_setHeader154">
											<simple>Not validated</simple>
										</setHeader>
										<removeHeaders
											excludePattern="responseBody|statusCode|requestId|statusApi1|pDOC_TYPE"
											id="_removeHeaders32" pattern="*" />
										<bean id="_bean32" method="SpecialCaseProcess" ref="resProcessor" />
										<log id="_log212" message="before unmarshal in name match_____ ${body}" />
										<unmarshal id="_unmarshal32" ref="json" />
										<log id="_log213" message="before marshal in name match_____ ${body}" />
										<marshal id="_marshal39" ref="soapxml" />
										<log id="_log214" message="after marshal in name match_____ ${body}" />
									</otherwise>
								</choice>
							</when>
							<otherwise id="_otherwise22">
								<setHeader headerName="statusCode" id="_setHeader155">
									<jsonpath>$.status</jsonpath>
								</setHeader>
								<setHeader headerName="requestId" id="_setHeader156">
									<jsonpath>$.request_id</jsonpath>
								</setHeader>
								<setHeader headerName="statusApi1" id="_setHeader157">
									<simple>Not validated</simple>
								</setHeader>
								<log id="_log215" message="Sending Message to Exception route_${body}" />
								<to id="_to32" uri="direct:ExcetionRoute" />
								<log id="_log216" message="Response Message from Exception route_${body}" />
							</otherwise>
						</choice>
					</when>
					<otherwise id="_otherwise23">
						<log id="_log217" message="Validation failed for this route__ ${body}" />
						<setHeader headerName="Stsmsg" id="_setHeader158">
							<simple>LPG ID lenght must be 17</simple>
						</setHeader>
						<removeHeaders excludePattern="pDOC_TYPE|Stsmsg" id="_removeHeaders33"
							pattern="*" />
						<bean id="_bean33" method="validationProcess" ref="resProcessor" />
						<log id="_log218" message="before unmarshal in name match_____ ${body}" />
						<unmarshal id="_unmarshal33" ref="json" />
						<log id="_log219" message="before marshal in name match_____ ${body}" />
						<marshal id="_marshal40" ref="soapxml" />
						<log id="_log220" message="after marshal in name match_____ ${body}" />
					</otherwise>
				</choice>
				<doCatch id="_doCatch8">
					<exception>java.lang.Exception</exception>
					<log id="_log221" message="Exception Occurred_${exception.stacktrace}" />
					<setHeader headerName="responseBody" id="_setHeader159">
						<simple>{"message":"ExceptionOccured"}</simple>
					</setHeader>
					<setHeader headerName="requestId" id="_setHeader160">
						<simple>1</simple>
					</setHeader>
					<setHeader headerName="statusCode" id="_setHeader161">
						<simple>1</simple>
					</setHeader>
					<removeHeaders excludePattern="responseBody|statusCode|requestId|statusApi1"
						id="_removeHeaders34" pattern="*" />
					<bean id="_bean34" method="process" ref="resProcessor" />
					<log id="_log222" message="before unmarshal in name match_____ ${body}" />
					<unmarshal id="_unmarshal34" ref="json" />
					<log id="_log223" message="before marshal in name match_____ ${body}" />
					<marshal id="_marshal41" ref="soapxml" />
					<log id="_log224" message="after marshal in name match_____ ${body}" />
				</doCatch>
				<log id="_log225" message="Response send to User_____ ${body}" />
			</doTry>
		</route>
		<!-- end of Lpg route -->
		<!-- start of PAN -->
		<route id="RT_9_PAN_API">
			<from id="_from11" uri="direct:panAPICall" />
			<doTry id="_doTry9">
				<choice id="_choice24">
					<when id="_when35">
						<simple>${header.pDOCUMENT_NO} regex '^[A-Z0-9]{10}$'</simple>
						<setBody id="_setBody15">
							<simple>{"pan":"${header.pDOCUMENT_NO}", "consent":"${header.pCONSENT}"}</simple>
						</setBody>
						<setHeader headerName="Content-Type" id="_setHeader216">
							<constant>application/json</constant>
						</setHeader>
						<setHeader headerName="x-karza-key" id="_setHeader217">
							<constant>9qvf2X7URXTSfuvficjh</constant>
						</setHeader>
						<log id="_log226" message="Request Send to eKYC PAN API_____ ${body}" />
						<to id="_to33" pattern="InOut"
							uri="cxfrs:bean:rsPANAPI?throwExceptionOnFailure=false" />
						<log id="_log227" message="Response from eKYC PAN API_____ ${body}" />
						<log id="_log228"
							message="HTTPS Header Value_____${header.CamelHttpResponseCode}" />
						<choice id="_choice25">
							<when id="_when36">
								<simple>${header.CamelHttpResponseCode} == '200'</simple>
								<setHeader headerName="statusCode" id="_setHeader164">
									<jsonpath>$.status-code</jsonpath>
								</setHeader>
								<setHeader headerName="requestId" id="_setHeader165">
									<jsonpath>$.request_id</jsonpath>
								</setHeader>
								<log id="_log229" message="Status Code ___${header.statusCode}" />
								<choice id="_choice26">
									<when id="_when37">
										<simple>${header.statusCode} == '101'</simple>
										<setHeader headerName="statusApi1" id="_setHeader166">
											<simple>validated</simple>
										</setHeader>
										<setHeader headerName="responseBody" id="_setHeader167">
											<jsonpath>$.result</jsonpath>
										</setHeader>
										<setHeader headerName="result_name" id="_setHeader168">
											<jsonpath>$.result.name</jsonpath>
										</setHeader>
										<setBody id="_setBody16">
											<simple>{"name1":"${header.pFULL_NAME}", "name2":"${header.result_name}", "type":"individual", "preset":"l"}</simple>
										</setBody>
										<log id="_log230" message="before name match call________${body}" />
										<to id="_to34" uri="direct:nameAPICall" />
										<setHeader headerName="requestId" id="_setHeader169">
											<jsonpath>$.requestId</jsonpath>
										</setHeader>
										<log id="_log231" message="body Merger________${body}" />
										<log id="_log232"
											message="Sending rc response to processor_____ ${header.responseBody}" />
										<log id="_log233"
											message="Sending score to processor_____ ${header.resultScore}" />
										<removeHeaders
											excludePattern="responseBody|resultScore|statusCode|requestId|statusApi1|pDOC_TYPE|statusApi2"
											id="_removeHeaders35" pattern="*" />
										<!-- <marshal id="_marshal1" ref="xml"/> -->
										<bean id="_bean35" method="process" ref="resProcessor" />
										<log id="_log234" message="before unmarshal in name match_____ ${body}" />
										<unmarshal id="_unmarshal35" ref="json" />
										<log id="_log235" message="before marshal in name match_____ ${body}" />
										<marshal id="_marshal42" ref="soapxml" />
										<log id="_log236" message="after marshal in name match_____ ${body}" />
									</when>
									<otherwise id="_otherwise24">
										<log id="_log237" message="in otherwise 102__ ${body}" />
										<setHeader headerName="responseBody" id="_setHeader170">
											<simple>{"message":"No Result Found"}</simple>
										</setHeader>
										<setHeader headerName="statusApi1" id="_setHeader171">
											<simple>Not validated</simple>
										</setHeader>
										<removeHeaders
											excludePattern="responseBody|statusCode|requestId|statusApi1|pDOC_TYPE"
											id="_removeHeaders36" pattern="*" />
										<bean id="_bean36" method="process" ref="resProcessor" />
										<log id="_log238" message="before unmarshal in name match_____ ${body}" />
										<unmarshal id="_unmarshal36" ref="json" />
										<log id="_log239" message="before marshal in name match_____ ${body}" />
										<marshal id="_marshal43" ref="soapxml" />
										<log id="_log240" message="after marshal in name match_____ ${body}" />
									</otherwise>
								</choice>
							</when>
							<otherwise id="_otherwise25">
								<setHeader headerName="statusCode" id="_setHeader172">
									<jsonpath>$.status</jsonpath>
								</setHeader>
								<setHeader headerName="requestId" id="_setHeader173">
									<jsonpath>$.request_id</jsonpath>
								</setHeader>
								<setHeader headerName="statusApi1" id="_setHeader174">
									<simple>Not validated</simple>
								</setHeader>
								<log id="_log241" message="Sending Message to Exception route_${body}" />
								<to id="_to35" uri="direct:ExcetionRoute" />
								<log id="_log242" message="Response Message from Exception route_${body}" />
							</otherwise>
						</choice>
					</when>
					<otherwise id="_otherwise26">
						<log id="_log243" message="Validation failed for this route__ ${body}" />
						<setHeader headerName="Stsmsg" id="_setHeader175">
							<simple>PAN No must be 10 of Character</simple>
						</setHeader>
						<removeHeaders excludePattern="pDOC_TYPE|Stsmsg" id="_removeHeaders37"
							pattern="*" />
						<bean id="_bean37" method="validationProcess" ref="resProcessor" />
						<log id="_log244" message="before unmarshal in name match_____ ${body}" />
						<unmarshal id="_unmarshal37" ref="json" />
						<log id="_log245" message="before marshal in name match_____ ${body}" />
						<marshal id="_marshal44" ref="soapxml" />
						<log id="_log246" message="after marshal in name match_____ ${body}" />
					</otherwise>
				</choice>
				<doCatch id="_doCatch9">
					<exception>java.lang.Exception</exception>
					<log id="_log247" message="Exception Occurred_${exception.stacktrace}" />
					<setHeader headerName="responseBody" id="_setHeader176">
						<simple>{"message":"ExceptionOccured"}</simple>
					</setHeader>
					<setHeader headerName="requestId" id="_setHeader177">
						<simple>1</simple>
					</setHeader>
					<setHeader headerName="statusCode" id="_setHeader178">
						<simple>1</simple>
					</setHeader>
					<removeHeaders excludePattern="responseBody|statusCode|requestId|statusApi1"
						id="_removeHeaders38" pattern="*" />
					<bean id="_bean38" method="process" ref="resProcessor" />
					<log id="_log248" message="before unmarshal in name match_____ ${body}" />
					<unmarshal id="_unmarshal38" ref="json" />
					<log id="_log249" message="before marshal in name match_____ ${body}" />
					<marshal id="_marshal45" ref="soapxml" />
					<log id="_log250" message="after marshal in name match_____ ${body}" />
				</doCatch>
				<log id="_log251" message="Response send to User_____ ${body}" />
			</doTry>
		</route>
		<!-- end of PAN -->
		<!-- start of voter id -->
		<route id="RT_10_Voter_API">
			<from id="_from12" uri="direct:voterAPICall" />
			<doTry id="_doTry10">
				<choice id="_choice27">
					<when id="_when38">
						<!-- <simple>${header.pDOCUMENT_NO} regex '^(([a-zA-Z]{3}\/?\d{6,7})|([a-zA-Z]{2}\/\d{1,3}\/\d{2,3}\/\d{6,7})|([a-zA-Z]{2}\d{10,12}))$'</simple> -->
						<simple>${header.pDOCUMENT_NO} regex '^[A-Z0-9]{10}$'</simple>
						<setBody id="_setBody17">
							<simple>{"epic_no":"${header.pDOCUMENT_NO}", "consent":"${header.pCONSENT}"}</simple>
						</setBody>
						<setHeader headerName="Content-Type" id="_setHeader179">
							<constant>application/json</constant>
						</setHeader>
						<setHeader headerName="x-karza-key" id="_setHeader180">
							<constant>9qvf2X7URXTSfuvficjh</constant>
						</setHeader>
						<log id="_log252" message="Request Send to eKYC Voter  API_____ ${body}" />
						<to id="_to36" pattern="InOut"
							uri="cxfrs:bean:rsVAPI?throwExceptionOnFailure=false" />
						<log id="_log253" message="Response from eKYC Voter API_____ ${body}" />
						<log id="_log254"
							message="HTTPS Header Value_____${header.CamelHttpResponseCode}" />
						<choice id="_choice28">
							<when id="_when39">
								<simple>${header.CamelHttpResponseCode} == '200'</simple>
								<setHeader headerName="statusCode" id="_setHeader181">
									<jsonpath>$.status-code</jsonpath>
								</setHeader>
								<setHeader headerName="requestId" id="_setHeader182">
									<jsonpath>$.request_id</jsonpath>
								</setHeader>
								<log id="_log255" message="Status Code ___${header.statusCode}" />
								<choice id="_choice29">
									<when id="_when40">
										<simple>${header.statusCode} == '101'</simple>
										<setHeader headerName="statusApi1" id="_setHeader183">
											<simple>validated</simple>
										</setHeader>
										<setHeader headerName="responseBody" id="_setHeader184">
											<jsonpath>$.result</jsonpath>
										</setHeader>
										<setHeader headerName="result_name" id="_setHeader185">
											<jsonpath>$.result.name</jsonpath>
										</setHeader>
										<setBody id="_setBody18">
											<simple>{"name1":"${header.pFULL_NAME}", "name2":"${header.result_name}", "type":"individual", "preset":"l"}</simple>
										</setBody>
										<log id="_log256" message="before name match call________${body}" />
										<to id="_to37" uri="direct:nameAPICall" />
										<setHeader headerName="requestId" id="_setHeader186">
											<jsonpath>$.requestId</jsonpath>
										</setHeader>
										<log id="_log257" message="body Merger________${body}" />
										<log id="_log258"
											message="Sending rc response to processor_____ ${header.responseBody}" />
										<log id="_log259"
											message="Sending score to processor_____ ${header.resultScore}" />
										<removeHeaders
											excludePattern="responseBody|resultScore|statusCode|requestId|statusApi1|pDOC_TYPE|statusApi2"
											id="_removeHeaders39" pattern="*" />
										<!-- <marshal id="_marshal1" ref="xml"/> -->
										<bean id="_bean39" method="process" ref="resProcessor" />
										<log id="_log260" message="before unmarshal in name match_____ ${body}" />
										<unmarshal id="_unmarshal39" ref="json" />
										<log id="_log261" message="before marshal in name match_____ ${body}" />
										<marshal id="_marshal46" ref="soapxml" />
										<log id="_log262" message="after marshal in name match_____ ${body}" />
									</when>
									<otherwise id="_otherwise27">
										<log id="_log263" message="in otherwise 102__ ${body}" />
										<setHeader headerName="responseBody" id="_setHeader187">
											<simple>{"message":"No Result Found"}</simple>
										</setHeader>
										<setHeader headerName="statusApi1" id="_setHeader188">
											<simple>Not validated</simple>
										</setHeader>
										<removeHeaders
											excludePattern="responseBody|statusCode|requestId|statusApi1|pDOC_TYPE"
											id="_removeHeaders40" pattern="*" />
										<bean id="_bean40" method="process" ref="resProcessor" />
										<log id="_log264" message="before unmarshal in name match_____ ${body}" />
										<unmarshal id="_unmarshal40" ref="json" />
										<log id="_log265" message="before marshal in name match_____ ${body}" />
										<marshal id="_marshal47" ref="soapxml" />
										<log id="_log266" message="after marshal in name match_____ ${body}" />
									</otherwise>
								</choice>
							</when>
							<otherwise id="_otherwise28">
								<setHeader headerName="statusCode" id="_setHeader189">
									<jsonpath>$.status</jsonpath>
								</setHeader>
								<setHeader headerName="requestId" id="_setHeader190">
									<jsonpath>$.request_id</jsonpath>
								</setHeader>
								<setHeader headerName="statusApi1" id="_setHeader191">
									<simple>Not validated</simple>
								</setHeader>
								<log id="_log267" message="Sending Message to Exception route_${body}" />
								<to id="_to38" uri="direct:ExcetionRoute" />
								<log id="_log268" message="Response Message from Exception route_${body}" />
							</otherwise>
						</choice>
					</when>
					<otherwise id="_otherwise29">
						<log id="_log269" message="Validation failed for this route__ ${body}" />
						<setHeader headerName="Stsmsg" id="_setHeader192">
							<simple>Require epic_no Length must be 10</simple>
						</setHeader>
						<removeHeaders excludePattern="pDOC_TYPE|Stsmsg" id="_removeHeaders41"
							pattern="*" />
						<bean id="_bean41" method="process" ref="resProcessor" />
						<log id="_log270" message="before unmarshal in name match_____ ${body}" />
						<unmarshal id="_unmarshal41" ref="json" />
						<log id="_log271" message="before marshal in name match_____ ${body}" />
						<marshal id="_marshal48" ref="soapxml" />
						<log id="_log272" message="after marshal in name match_____ ${body}" />
					</otherwise>
				</choice>
				<doCatch id="_doCatch10">
					<exception>java.lang.Exception</exception>
					<log id="_log273" message="Exception Occurred_${exception.stacktrace}" />
					<setHeader headerName="responseBody" id="_setHeader193">
						<simple>{"message":"ExceptionOccured"}</simple>
					</setHeader>
					<setHeader headerName="requestId" id="_setHeader194">
						<simple>1</simple>
					</setHeader>
					<setHeader headerName="statusCode" id="_setHeader195">
						<simple>1</simple>
					</setHeader>
					<removeHeaders excludePattern="responseBody|statusCode|requestId|statusApi1"
						id="_removeHeaders42" pattern="*" />
					<bean id="_bean42" method="process" ref="resProcessor" />
					<log id="_log274" message="before unmarshal in name match_____ ${body}" />
					<unmarshal id="_unmarshal42" ref="json" />
					<log id="_log275" message="before marshal in name match_____ ${body}" />
					<marshal id="_marshal49" ref="soapxml" />
					<log id="_log276" message="after marshal in name match_____ ${body}" />
				</doCatch>
				<log id="_log277" message="Response send to User_____ ${body}" />
			</doTry>
		</route>
		<!-- end of voter id -->
		<!-- Start of GSTN -->
		<route id="RT_11_GSTN_API">
			<from id="_from13" uri="direct:gstinAPICall" />
			<doTry id="_doTry11">
				<choice id="_choice30">
					<when id="_when41">
						<simple>${header.pDOCUMENT_NO} regex '^[A-Z0-9]{15}$'</simple>
						<setBody id="_setBody19">
							<simple>{"gstin":"${header.pDOCUMENT_NO}", "consent":"${header.pCONSENT}"}</simple>
						</setBody>
						<setHeader headerName="Content-Type" id="_setHeader196">
							<constant>application/json</constant>
						</setHeader>
						<setHeader headerName="x-karza-key" id="_setHeader197">
							<constant>9qvf2X7URXTSfuvficjh</constant>
						</setHeader>
						<log id="_log278" message="Request Send to eKYC PAN API_____ ${body}" />
						<to id="_to39" pattern="InOut"
							uri="cxfrs:bean:rsGSTNAPI?throwExceptionOnFailure=false" />
						<log id="_log279" message="Response from eKYC PAN API_____ ${body}" />
						<log id="_log280"
							message="HTTPS Header Value_____${header.CamelHttpResponseCode}" />
						<choice id="_choice31">
							<when id="_when42">
								<simple>${header.CamelHttpResponseCode} == '200'</simple>
								<setHeader headerName="statusCode" id="_setHeader198">
									<jsonpath>$.statusCode</jsonpath>
								</setHeader>
								<setHeader headerName="requestId" id="_setHeader199">
									<jsonpath>$.requestId</jsonpath>
								</setHeader>
								<log id="_log281" message="Status Code ___${header.statusCode}" />
								<choice id="_choice32">
									<when id="_when43">
										<simple>${header.statusCode} == '101'</simple>
										<setHeader headerName="statusApi1" id="_setHeader200">
											<simple>validated</simple>
										</setHeader>
										<setHeader headerName="responseBody" id="_setHeader201">
											<jsonpath>$.result</jsonpath>
										</setHeader>
										<setHeader headerName="result_name" id="_setHeader202">
											<jsonpath>$.result.lgnm</jsonpath>
										</setHeader>
										<setBody id="_setBody20">
											<simple>{"name1":"${header.pFULL_NAME}", "name2":"${header.result_name}", "type":"individual", "preset":"l"}</simple>
										</setBody>
										<log id="_log282" message="before name match call________${body}" />
										<to id="_to40" uri="direct:nameAPICall" />
										<setHeader headerName="requestId" id="_setHeader203">
											<jsonpath>$.requestId</jsonpath>
										</setHeader>
										<log id="_log283" message="body Merger________${body}" />
										<log id="_log284"
											message="Sending rc response to processor_____ ${header.responseBody}" />
										<log id="_log285"
											message="Sending score to processor_____ ${header.resultScore}" />
										<removeHeaders
											excludePattern="responseBody|resultScore|statusCode|requestId|statusApi1|pDOC_TYPE|statusApi2"
											id="_removeHeaders43" pattern="*" />
										<!-- <marshal id="_marshal1" ref="xml"/> -->
										<bean id="_bean43" method="process" ref="resProcessor" />
										<log id="_log286" message="before unmarshal in name match_____ ${body}" />
										<unmarshal id="_unmarshal43" ref="json" />
										<log id="_log287" message="before marshal in name match_____ ${body}" />
										<marshal id="_marshal50" ref="soapxml" />
										<log id="_log288" message="after marshal in name match_____ ${body}" />
									</when>
									<otherwise id="_otherwise30">
										<log id="_log289" message="in otherwise 102__ ${body}" />
										<setHeader headerName="responseBody" id="_setHeader204">
											<simple>{"message":"No Result Found"}</simple>
										</setHeader>
										<setHeader headerName="statusApi1" id="_setHeader205">
											<simple>Not validated</simple>
										</setHeader>
										<removeHeaders
											excludePattern="responseBody|statusCode|requestId|statusApi1|pDOC_TYPE"
											id="_removeHeaders44" pattern="*" />
										<bean id="_bean44" method="process" ref="resProcessor" />
										<log id="_log290" message="before unmarshal in name match_____ ${body}" />
										<unmarshal id="_unmarshal44" ref="json" />
										<log id="_log291" message="before marshal in name match_____ ${body}" />
										<marshal id="_marshal51" ref="soapxml" />
										<log id="_log292" message="after marshal in name match_____ ${body}" />
									</otherwise>
								</choice>
							</when>
							<otherwise id="_otherwise31">
								<setHeader headerName="statusCode" id="_setHeader206">
									<jsonpath>$.status</jsonpath>
								</setHeader>
								<setHeader headerName="requestId" id="_setHeader207">
									<jsonpath>$.requestId</jsonpath>
								</setHeader>
								<setHeader headerName="statusApi1" id="_setHeader208">
									<simple>Not validated</simple>
								</setHeader>
								<log id="_log293" message="Sending Message to Exception route_${body}" />
								<to id="_to41" uri="direct:ExcetionRoute" />
								<log id="_log294" message="Response Message from Exception route_${body}" />
							</otherwise>
						</choice>
					</when>
					<otherwise id="_otherwise32">
						<log id="_log295" message="Validation failed for this route__ ${body}" />
						<setHeader headerName="Stsmsg" id="_setHeader209">
							<simple>GSTIN No must be 15 of Character</simple>
						</setHeader>
						<removeHeaders excludePattern="pDOC_TYPE|Stsmsg" id="_removeHeaders45"
							pattern="*" />
						<bean id="_bean45" method="validationProcess" ref="resProcessor" />
						<log id="_log296" message="before unmarshal in name match_____ ${body}" />
						<unmarshal id="_unmarshal45" ref="json" />
						<log id="_log297" message="before marshal in name match_____ ${body}" />
						<marshal id="_marshal52" ref="soapxml" />
						<log id="_log298" message="after marshal in name match_____ ${body}" />
					</otherwise>
				</choice>
				<doCatch id="_doCatch11">
					<exception>java.lang.Exception</exception>
					<log id="_log299" message="Exception Occurred_${exception.stacktrace}" />
					<setHeader headerName="responseBody" id="_setHeader210">
						<simple>{"message":"ExceptionOccured"}</simple>
					</setHeader>
					<setHeader headerName="requestId" id="_setHeader211">
						<simple>1</simple>
					</setHeader>
					<setHeader headerName="statusCode" id="_setHeader212">
						<simple>1</simple>
					</setHeader>
					<removeHeaders excludePattern="responseBody|statusCode|requestId|statusApi1"
						id="_removeHeaders46" pattern="*" />
					<bean id="_bean46" method="process" ref="resProcessor" />
					<log id="_log300" message="before unmarshal in name match_____ ${body}" />
					<unmarshal id="_unmarshal46" ref="json" />
					<log id="_log301" message="before marshal in name match_____ ${body}" />
					<marshal id="_marshal53" ref="soapxml" />
					<log id="_log302" message="after marshal in name match_____ ${body}" />
				</doCatch>
				<log id="_log303" message="Response send to User_____ ${body}" />
			</doTry>
		</route>
		<!-- End of GSTN -->
		<!-- start of passport -->
		<route id="RT_12_PASSPORT_API">
			<from id="_from14" uri="direct:passportAPICall" />
			<doTry id="_doTry12">
				<choice id="_choice33">
					<when id="_when44">
						<!-- <simple>${header.pDOCUMENT_NO} regex '^(?!^0+$)[a-zA-Z0-9]{3,20}$'</simple> -->
						<simple>${header.pDOCUMENT_NO} regex '^[A-Z0-9]{3,20}$'</simple>
						<setBody id="_setBody21">
							<simple>{"fileNo":"${header.pDOCUMENT_NO}", "fileNo":"${header.pFileNo}","consent":"${header.pCONSENT}","dob":"${header.pDOB}","doi":"${header.pDOI}","name":"${header.pFULL_NAME}"}</simple>
						</setBody>
						<setHeader headerName="Content-Type" id="_setHeader162">
							<constant>application/json</constant>
						</setHeader>
						<setHeader headerName="x-karza-key" id="_setHeader163">
							<constant>9qvf2X7URXTSfuvficjh</constant>
						</setHeader>
						<log id="_log305" message="Request Send to eKYC PASSPORT API_____ ${body}" />
						<to id="_to43" pattern="InOut"
							uri="cxfrs:bean:rsPVAPI?throwExceptionOnFailure=false" />
						<log id="_log306" message="Response from eKYC PASSPORT API_____ ${body}" />
						<log id="_log307"
							message="HTTPS Header Value_____${header.CamelHttpResponseCode}" />
						<choice id="_choice34">
							<when id="_when45">
								<simple>${header.CamelHttpResponseCode} == '200'</simple>
								<setHeader headerName="statusCode" id="_setHeader218">
									<jsonpath>$.statusCode</jsonpath>
								</setHeader>
								<setHeader headerName="requestId" id="_setHeader219">
									<jsonpath>$.requestId</jsonpath>
								</setHeader>
								<log id="_log308" message="Status Code ___${header.statusCode}" />
								<choice id="_choice35">
									<when id="_when46">
										<simple>${header.statusCode} == '101'</simple>
										<setHeader headerName="statusApi1" id="_setHeader220">
											<simple>validated</simple>
										</setHeader>
										<setHeader headerName="responseBody" id="_setHeader221">
											<jsonpath>$.result</jsonpath>
										</setHeader>
										<!-- <setBody id="_setBody16"> <simple>{"name1":"${header.pFULL_NAME}", 
											"name2":"${header.result_name}", "type":"individual", "preset":"l"}</simple> 
											</setBody> -->
										<!-- //<log message="before name match call________${body}"/> //<to 
											uri="direct:nameAPICall"/> -->
										<setHeader headerName="resultname" id="_setHeader222">
											<jsonpath>$.result.name</jsonpath>
										</setHeader>
										<log id="_log309" message="body Merger________${body}" />
										<log id="_log310"
											message="Sending passport response to processor_____ ${header.responseBody}" />
										<log id="_log311"
											message="Sending score to processor_____ ${header.resultScore}" />
										<removeHeaders
											excludePattern="responseBody|resultScore|statusCode|requestId|statusApi1|pDOC_TYPE|resultname"
											id="_removeHeaders47" pattern="*" />
										<!-- <marshal id="_marshal1" ref="xml"/> -->
										<bean id="_bean47" method="passportProcess" ref="resProcessor" />
										<log id="_log312" message="before unmarshal _____ ${body}" />
										<unmarshal id="_unmarshal47" ref="json" />
										<log id="_log313" message="before marshal ____ ${body}" />
										<marshal id="_marshal54" ref="soapxml" />
										<log id="_log314" message="after marshal _____ ${body}" />
									</when>
									<otherwise id="_otherwise33">
										<log id="_log315" message="in otherwise 102__ ${body}" />
										<setHeader headerName="responseBody" id="_setHeader223">
											<simple>{"message":"No Result Found"}</simple>
										</setHeader>
										<setHeader headerName="statusApi1" id="_setHeader224">
											<simple>Not validated</simple>
										</setHeader>
										<removeHeaders
											excludePattern="responseBody|statusCode|requestId|statusApi1|pDOC_TYPE"
											id="_removeHeaders48" pattern="*" />
										<bean id="_bean48" method="passportProcess" ref="resProcessor" />
										<log id="_log316" message="before unmarshal _____ ${body}" />
										<unmarshal id="_unmarshal48" ref="json" />
										<log id="_log317" message="before marshal_____ ${body}" />
										<marshal id="_marshal55" ref="soapxml" />
										<log id="_log318" message="after marshal _____ ${body}" />
									</otherwise>
								</choice>
							</when>
							<otherwise id="_otherwise34">
								<setHeader headerName="statusCode" id="_setHeader225">
									<jsonpath>$.status</jsonpath>
								</setHeader>
								<setHeader headerName="requestId" id="_setHeader226">
									<jsonpath>$.request_id</jsonpath>
								</setHeader>
								<setHeader headerName="statusApi1" id="_setHeader227">
									<simple>Not validated</simple>
								</setHeader>
								<log id="_log319" message="Sending Message to Exception route_${body}" />
								<to id="_to44" uri="direct:ExcetionRoute" />
								<log id="_log320" message="Response Message from Exception route_${body}" />
							</otherwise>
						</choice>
					</when>
					<otherwise id="_otherwise35">
						<log id="_log321" message="Validation failed for this route__ ${body}" />
						<setHeader headerName="Stsmsg" id="_setHeader228">
							<simple>PASSPORT No must be of 3-20 Character and date must be DD/MM/YYYY format</simple>
						</setHeader>
						<removeHeaders excludePattern="pDOC_TYPE|Stsmsg" id="_removeHeaders49"
							pattern="*" />
						<bean id="_bean49" method="validationProcess" ref="resProcessor" />
						<log id="_log322" message="before unmarshal _____ ${body}" />
						<unmarshal id="_unmarshal49" ref="json" />
						<log id="_log323" message="before marshal _____ ${body}" />
						<marshal id="_marshal56" ref="soapxml" />
						<log id="_log324" message="after marshal _____ ${body}" />
					</otherwise>
				</choice>
				<doCatch id="_doCatch12">
					<exception>java.lang.Exception</exception>
					<log id="_log325" message="Exception Occurred_${exception.stacktrace}" />
					<setHeader headerName="responseBody" id="_setHeader229">
						<simple>{"message":"ExceptionOccured"}</simple>
					</setHeader>
					<setHeader headerName="requestId" id="_setHeader230">
						<simple>1</simple>
					</setHeader>
					<setHeader headerName="statusCode" id="_setHeader231">
						<simple>1</simple>
					</setHeader>
					<removeHeaders excludePattern="responseBody|statusCode|requestId|statusApi1"
						id="_removeHeaders50" pattern="*" />
					<bean id="_bean50" method="process" ref="resProcessor" />
					<log id="_log326" message="before unmarshal _____ ${body}" />
					<unmarshal id="_unmarshal50" ref="json" />
					<log id="_log327" message="before marshal _____ ${body}" />
					<marshal id="_marshal57" ref="soapxml" />
					<log id="_log328" message="after marshal _____ ${body}" />
				</doCatch>
				<log id="_log329" message="Response send to User_____ ${body}" />
			</doTry>
		</route>
		<!-- end of passport -->
		<route id="_route1">
			<!-- <setHeader headerName="statusCode" id="_setHeader53"> <jsonpath>$.statusCode</jsonpath> 
				</setHeader> -->
			<from id="_from3" uri="direct:nameAPICall" />
			<log id="_log18" message="Request recived for Name API__${body}" />
			<to id="_to7" uri="cxfrs:bean:rsNameAPI?throwExceptionOnFailure=false" />
			<log id="_log19" message="response recived from Name API__${body}" />
			<log id="_log20" message="response recived from Name API__${header.statusCode}" />
			<choice id="_choice4">
				<when id="_when8">
					<simple>${header.CamelHttpResponseCode} == '200'</simple>
					<setHeader headerName="statusCode" id="_setHeader27">
						<jsonpath>$.statusCode</jsonpath>
					</setHeader>
					<setHeader headerName="requestId" id="_setHeader28">
						<jsonpath>$.requestId</jsonpath>
					</setHeader>
					<choice id="_choice6">
						<when id="_when13">
							<simple>${header.statusCode} == '101'</simple>
							<log id="_log54" message="in Name API  101___${body}" />
							<setHeader headerName="resultScore" id="_setHeader54">
								<jsonpath>$.result</jsonpath>
							</setHeader>
							<setHeader headerName="statusApi2" id="_setHeader29">
								<simple>validated</simple>
							</setHeader>
						</when>
						<otherwise id="_otherwise4">
							<log id="_log55" message="in Name API otherwise 102___${body}" />
							<setHeader headerName="resultScore" id="_setHeader30">
								<jsonpath>$.result</jsonpath>
							</setHeader>
							<setHeader headerName="statusApi2" id="_setHeader31">
								<simple>Not validated</simple>
							</setHeader>
						</otherwise>
					</choice>
				</when>
				<otherwise id="_otherwise3">
					<log id="_log56" message="in Name API other than 200___${body}" />
					<setHeader headerName="statusCode" id="_setHeader32">
						<jsonpath>$.status</jsonpath>
					</setHeader>
					<setHeader headerName="requestId" id="_setHeader33">
						<jsonpath>$.request_id</jsonpath>
					</setHeader>
					<setHeader headerName="statusApi2" id="_setHeader34">
						<simple>Not validated</simple>
					</setHeader>
					<log id="_log23" message="Sending Message to Exception route_${body}" />
					<to id="_to2" uri="direct:ExcetionRoute" />
					<log id="_log24" message="Response Message from Exception route_${body}" />
				</otherwise>
			</choice>
			<log id="_log21" message="Response recived from Name API__${header.resultScore}" />
			<log id="_log22" message="Response recived from Name API__${body}" />
		</route>
		<route id="_route2">
			<from id="_from4" uri="direct:ExcetionRoute" />
			<doTry id="_doTry2">
				<when id="_when4">
					<simple>${header.CamelHttpResponseCode} == '401'</simple>
					<setHeader headerName="resultScore" id="_setHeader19">
						<simple>{"message":"Authentication Required"}</simple>
					</setHeader>
					<setHeader headerName="Stsmsg" id="_setHeader35">
						<simple>Authentication Required</simple>
					</setHeader>
					<removeHeaders
						excludePattern="responseBody|statusCode|requestId|statusApi1|statusApi2|pDOC_TYPE|resultScore|Stsmsg"
						id="_removeHeaders4" pattern="*" />
					<bean id="_bean4" method="process" ref="resProcessor" />
					<log id="_log30" message="before unmarshal in name match_____ ${body}" />
					<unmarshal id="_unmarshal4" ref="json" />
					<log id="_log31" message="before marshal in name match_____ ${body}" />
					<marshal id="_marshal4" ref="soapxml" />
					<log id="_log32" message="after marshal in name match_____ ${body}" />
				</when>
				<when id="_when5">
					<simple>${header.CamelHttpResponseCode} == '403'</simple>
					<setHeader headerName="resultScore" id="_setHeader36">
						<simple>{"message":"403 Forbidden"}</simple>
					</setHeader>
					<setHeader headerName="Stsmsg" id="_setHeader37">
						<simple>403 Forbidden</simple>
					</setHeader>
					<removeHeaders
						excludePattern="responseBody|statusCode|requestId|statusApi1|statusApi2|pDOC_TYPE|resultScore|Stsmsg"
						id="_removeHeaders5" pattern="*" />
					<bean id="_bean5" method="process" ref="resProcessor" />
					<log id="_log33" message="before unmarshal in name match_____ ${body}" />
					<unmarshal id="_unmarshal5" ref="json" />
					<log id="_log34" message="before marshal in name match_____ ${body}" />
					<marshal id="_marshal5" ref="soapxml" />
					<log id="_log35" message="after marshal in name match_____ ${body}" />
				</when>
				<when id="_when9">
					<simple>${header.CamelHttpResponseCode} == '500'</simple>
					<setHeader headerName="resultScore" id="_setHeader38">
						<simple>{"message":"500 Internal Server Error"}</simple>
					</setHeader>
					<setHeader headerName="Stsmsg" id="_setHeader39">
						<simple>500 Internal Server Error</simple>
					</setHeader>
					<removeHeaders
						excludePattern="responseBody|statusCode|requestId|statusApi1|statusApi2|pDOC_TYPE|resultScore|Stsmsg"
						id="_removeHeaders10" pattern="*" />
					<bean id="_bean10" method="process" ref="resProcessor" />
					<log id="_log57" message="before unmarshal in name match_____ ${body}" />
					<unmarshal id="_unmarshal9" ref="json" />
					<log id="_log58" message="before marshal in name match_____ ${body}" />
					<marshal id="_marshal9" ref="soapxml" />
					<log id="_log59" message="after marshal in name match_____ ${body}" />
				</when>
				<when id="_when6">
					<simple>${header.CamelHttpResponseCode} == '503'</simple>
					<setHeader headerName="resultScore" id="_setHeader40">
						<simple>{"message":"503 Service Unavailable"}</simple>
					</setHeader>
					<setHeader headerName="Stsmsg" id="_setHeader41">
						<simple>503 Service Unavailable</simple>
					</setHeader>
					<removeHeaders
						excludePattern="responseBody|statusCode|requestId|statusApi1|statusApi2|pDOC_TYPE|resultScore|Stsmsg"
						id="_removeHeaders6" pattern="*" />
					<bean id="_bean6" method="process" ref="resProcessor" />
					<log id="_log36" message="before unmarshal in name match_____ ${body}" />
					<unmarshal id="_unmarshal6" ref="json" />
					<log id="_log37" message="before marshal in name match_____ ${body}" />
					<marshal id="_marshal6" ref="soapxml" />
					<log id="_log38" message="after marshal in name match_____ ${body}" />
				</when>
				<when id="_when7">
					<simple>${header.CamelHttpResponseCode} == '504'</simple>
					<setHeader headerName="resultScore" id="_setHeader42">
						<simple>{"message":"Gateway TimeOut"}</simple>
					</setHeader>
					<setHeader headerName="Stsmsg" id="_setHeader43">
						<simple>Gateway TimeOut</simple>
					</setHeader>
					<removeHeaders
						excludePattern="responseBody|statusCode|requestId|statusApi1|statusApi2|pDOC_TYPE|resultScore|Stsmsg"
						id="_removeHeaders7" pattern="*" />
					<bean id="_bean7" method="process" ref="resProcessor" />
					<log id="_log39" message="before unmarshal in name match_____ ${body}" />
					<unmarshal id="_unmarshal7" ref="json" />
					<log id="_log40" message="before marshal in name match_____ ${body}" />
					<marshal id="_marshal7" ref="soapxml" />
					<log id="_log41" message="after marshal in name match_____ ${body}" />
				</when>
				<doCatch id="_doCatch2">
					<exception>java.lang.Exception</exception>
					<log id="_log42" message="Exception Occurred_${exception.stacktrace}" />
					<setHeader headerName="resultScore" id="_setHeader44">
						<simple>{"message":"Exception Occured"}</simple>
					</setHeader>
					<setHeader headerName="Stsmsg" id="_setHeader45">
						<simple>Exception Occured</simple>
					</setHeader>
					<setHeader headerName="statusApi1" id="_setHeader25">
						<simple>Not Validated</simple>
					</setHeader>
					<removeHeaders
						excludePattern="responseBody|statusCode|requestId|statusApi1|statusApi2|pDOC_TYPE|resultScore|Stsmsg"
						id="_removeHeaders8" pattern="*" />
					<bean id="_bean8" method="process" ref="resProcessor" />
					<log id="_log43" message="before unmarshal in name match_____ ${body}" />
					<unmarshal id="_unmarshal8" ref="json" />
					<log id="_log44" message="before marshal in name match_____ ${body}" />
					<marshal id="_marshal8" ref="soapxml" />
					<log id="_log45" message="after marshal in name match_____ ${body}" />
				</doCatch>
				<log id="_log46" message="Response send from exception Route____${body}" />
			</doTry>
		</route>
	</camelContext>
</beans>
