<?xml version="1.0" encoding="UTF-8"?>
<beans xmlns="http://www.springframework.org/schema/beans"
    xmlns:cxf="http://camel.apache.org/schema/cxf"
    xmlns:xsi="http://www.w3.org/2001/XMLSchema-instance" xsi:schemaLocation="          http://www.springframework.org/schema/beans           http://www.springframework.org/schema/beans/spring-beans.xsd            http://camel.apache.org/schema/cxf           http://camel.apache.org/schema/cxf/camel-cxf.xsd                http://camel.apache.org/schema/spring                 http://camel.apache.org/schema/spring/camel-spring.xsd">
    <!-- setting up a Camel CXF web-service -->
    <cxf:cxfEndpoint address="http://localhost:8098/tmleKYC_PAN" serviceClass="org.tml.crm.KYCService"
        id="tmleKYC" >
        <cxf:properties>
            <entry key="dataFormat" value="MESSAGE"/>
        </cxf:properties>
    </cxf:cxfEndpoint>
    <cxf:rsClient address="https://testapi.karza.in/v2/pan"
        id="rsTESTAPI" loggingFeatureEnabled="true"/>
    <!-- Camel Context Start -->
    <camelContext id="camel" streamCache="true"
        xmlns="http://camel.apache.org/schema/spring" xmlns:esb="https://localhost/tmleKYC_PAN/">
        <!-- Route 1 for eKYC by PAN -->
        <route id="RT_1_TML_eKYC">
            <from id="_from1" uri="cxf:bean:tmleKYC"/>
            <log id="_log1" message="Request Received from CRM____${body}"/>
            <setHeader headerName="consent" id="_setHeader1">
                <xpath>//consent/text()</xpath>
            </setHeader>
            <setHeader headerName="pan" id="_setHeader2">
                <xpath>//pan/text()</xpath>
            </setHeader>
            <setBody id="_setBody1">
                <simple>{"consent":"${header.consent}", "pan":"${header.pan}"}</simple>
            </setBody>
            <setHeader headerName="Content-Type" id="_setHeader3">
                <constant>application/json</constant>
            </setHeader>
            <to id="_to1" uri="direct:eKYCAPICall"/>
            <log id="_log2" message="Response send to CRM_______ ${body}"/>
        </route>
        <route id="RT_2_TML_eKYC">
            <!-- <to id="_to2" uri="mock:eKYCAPICall" /> -->
            <from id="_from1" uri="direct:eKYCAPICall"/>
            <setHeader headerName="Content-Type" id="_setHeader4">
                <constant>application/json</constant>
            </setHeader>
            <setHeader headerName="x-karza-key" id="_setHeader5">
                <constant>9qvf2X7URXTSfuvficjh</constant>
            </setHeader>
            <log id="_log3" message="Request Send to eKYC API_____ ${body}"/>
            <to id="_to2" pattern="InOut" uri="cxfrs:bean:rsTESTAPI?throwExceptionOnFailure=false"/>
            <choice id="_choice1">
                <when id="_when1">
                    <simple>${header.CamelHttpResponseCode} == '200'</simple>
                    <setHeader headerName="result" id="_setHeader6">
                        <jsonpath>$.result.name</jsonpath>
                    </setHeader>
                    <log id="_log5" message="Header Result_${header.result}"/>
                    <setHeader headerName="request_id" id="_setHeader7">
                        <jsonpath>$.request_id</jsonpath>
                    </setHeader>
                    <log id="_log6" message="Header Result_${header.request_id}"/>
                    <setHeader headerName="status-code" id="_setHeader8">
                        <jsonpath>$.status-code</jsonpath>
                    </setHeader>
                    <log id="_log7" message="Header Result_${header.status-code}"/>
                </when>
            </choice>
            <setBody id="_setBody2">
                <simple>&lt;soapenv:Envelope xmlns:soapenv="http://schemas.xmlsoap.org/soap/envelope/" xmlns:tml="http://localhost/tmleKYC_PAN/"&gt;
   &lt;soapenv:Header/&gt;
   &lt;soapenv:Body&gt;
      &lt;tml:eKYCResponse&gt;
         &lt;result&gt;
			&lt;name&gt;${header.result}&lt;/name&gt;
		 &lt;/result&gt;
         &lt;request_id&gt;${header.request_id}&lt;/request_id&gt;
		 &lt;status-code&gt;${header.status-code}&lt;/status-code&gt;
      &lt;/tml:eKYCResponse&gt;
   &lt;/soapenv:Body&gt;
&lt;/soapenv:Envelope&gt;</simple>
            </setBody>
            <log id="_log4" message="Response from eKYC API_____ ${body}"/>
        </route>
    </camelContext>
</beans>
